real_age,image_path,age_group
4,/content/filtered_data/image_0.png,young
18,/content/filtered_data/image_1.png,young
80,/content/filtered_data/image_2.png,old
50,/content/filtered_data/image_3.png,middle
17,/content/filtered_data/image_4.png,young
27,/content/filtered_data/image_5.png,middle
24,/content/filtered_data/image_6.png,middle
43,/content/filtered_data/image_7.png,middle
26,/content/filtered_data/image_8.png,middle
39,/content/filtered_data/image_9.png,middle
17,/content/filtered_data/image_10.png,young
51,/content/filtered_data/image_11.png,middle
2,/content/filtered_data/image_12.png,young
1,/content/filtered_data/image_13.png,young
6,/content/filtered_data/image_14.png,young
18,/content/filtered_data/image_15.png,young
24,/content/filtered_data/image_16.png,middle
5,/content/filtered_data/image_17.png,young
40,/content/filtered_data/image_18.png,middle
16,/content/filtered_data/image_19.png,young
29,/content/filtered_data/image_20.png,middle
1,/content/filtered_data/image_21.png,young
35,/content/filtered_data/image_22.png,middle
25,/content/filtered_data/image_23.png,middle
5,/content/filtered_data/image_24.png,young
30,/content/filtered_data/image_25.png,middle
24,/content/filtered_data/image_26.png,middle
35,/content/filtered_data/image_27.png,middle
65,/content/filtered_data/image_28.png,old
13,/content/filtered_data/image_29.png,young
1,/content/filtered_data/image_30.png,young
28,/content/filtered_data/image_31.png,middle
27,/content/filtered_data/image_32.png,middle
16,/content/filtered_data/image_33.png,young
4,/content/filtered_data/image_34.png,young
16,/content/filtered_data/image_35.png,young
2,/content/filtered_data/image_36.png,young
31,/content/filtered_data/image_37.png,middle
10,/content/filtered_data/image_38.png,young
4,/content/filtered_data/image_39.png,young
1,/content/filtered_data/image_40.png,young
34,/content/filtered_data/image_41.png,middle
15,/content/filtered_data/image_42.png,young
30,/content/filtered_data/image_43.png,middle
8,/content/filtered_data/image_44.png,young
20,/content/filtered_data/image_45.png,middle
16,/content/filtered_data/image_46.png,young
19,/content/filtered_data/image_47.png,young
40,/content/filtered_data/image_48.png,middle
42,/content/filtered_data/image_49.png,middle
23,/content/filtered_data/image_50.png,middle
25,/content/filtered_data/image_51.png,middle
1,/content/filtered_data/image_52.png,young
58,/content/filtered_data/image_53.png,middle
23,/content/filtered_data/image_54.png,middle
44,/content/filtered_data/image_55.png,middle
7,/content/filtered_data/image_56.png,young
21,/content/filtered_data/image_57.png,middle
14,/content/filtered_data/image_58.png,young
28,/content/filtered_data/image_59.png,middle
24,/content/filtered_data/image_60.png,middle
10,/content/filtered_data/image_61.png,young
40,/content/filtered_data/image_62.png,middle
26,/content/filtered_data/image_63.png,middle
34,/content/filtered_data/image_64.png,middle
48,/content/filtered_data/image_65.png,middle
39,/content/filtered_data/image_66.png,middle
5,/content/filtered_data/image_67.png,young
24,/content/filtered_data/image_68.png,middle
27,/content/filtered_data/image_69.png,middle
45,/content/filtered_data/image_70.png,middle
24,/content/filtered_data/image_71.png,middle
21,/content/filtered_data/image_72.png,middle
24,/content/filtered_data/image_73.png,middle
24,/content/filtered_data/image_74.png,middle
26,/content/filtered_data/image_75.png,middle
14,/content/filtered_data/image_76.png,young
17,/content/filtered_data/image_77.png,young
2,/content/filtered_data/image_78.png,young
27,/content/filtered_data/image_79.png,middle
23,/content/filtered_data/image_80.png,middle
25,/content/filtered_data/image_81.png,middle
18,/content/filtered_data/image_82.png,young
58,/content/filtered_data/image_83.png,middle
25,/content/filtered_data/image_84.png,middle
29,/content/filtered_data/image_85.png,middle
37,/content/filtered_data/image_86.png,middle
50,/content/filtered_data/image_87.png,middle
35,/content/filtered_data/image_88.png,middle
22,/content/filtered_data/image_89.png,middle
28,/content/filtered_data/image_90.png,middle
59,/content/filtered_data/image_91.png,middle
30,/content/filtered_data/image_92.png,middle
17,/content/filtered_data/image_93.png,young
53,/content/filtered_data/image_94.png,middle
51,/content/filtered_data/image_95.png,middle
24,/content/filtered_data/image_96.png,middle
19,/content/filtered_data/image_97.png,young
9,/content/filtered_data/image_98.png,young
41,/content/filtered_data/image_99.png,middle
32,/content/filtered_data/image_100.png,middle
27,/content/filtered_data/image_101.png,middle
60,/content/filtered_data/image_102.png,middle
45,/content/filtered_data/image_103.png,middle
23,/content/filtered_data/image_104.png,middle
38,/content/filtered_data/image_105.png,middle
20,/content/filtered_data/image_106.png,middle
13,/content/filtered_data/image_107.png,young
54,/content/filtered_data/image_108.png,middle
49,/content/filtered_data/image_109.png,middle
19,/content/filtered_data/image_110.png,young
36,/content/filtered_data/image_111.png,middle
80,/content/filtered_data/image_112.png,old
24,/content/filtered_data/image_113.png,middle
11,/content/filtered_data/image_114.png,young
8,/content/filtered_data/image_115.png,young
60,/content/filtered_data/image_116.png,middle
70,/content/filtered_data/image_117.png,old
23,/content/filtered_data/image_118.png,middle
15,/content/filtered_data/image_119.png,young
22,/content/filtered_data/image_120.png,middle
25,/content/filtered_data/image_121.png,middle
28,/content/filtered_data/image_122.png,middle
37,/content/filtered_data/image_123.png,middle
24,/content/filtered_data/image_124.png,middle
26,/content/filtered_data/image_125.png,middle
16,/content/filtered_data/image_126.png,young
5,/content/filtered_data/image_127.png,young
60,/content/filtered_data/image_128.png,middle
43,/content/filtered_data/image_129.png,middle
24,/content/filtered_data/image_130.png,middle
42,/content/filtered_data/image_131.png,middle
26,/content/filtered_data/image_132.png,middle
54,/content/filtered_data/image_133.png,middle
52,/content/filtered_data/image_134.png,middle
24,/content/filtered_data/image_135.png,middle
23,/content/filtered_data/image_136.png,middle
26,/content/filtered_data/image_137.png,middle
18,/content/filtered_data/image_138.png,young
54,/content/filtered_data/image_139.png,middle
4,/content/filtered_data/image_140.png,young
23,/content/filtered_data/image_141.png,middle
23,/content/filtered_data/image_142.png,middle
8,/content/filtered_data/image_143.png,young
40,/content/filtered_data/image_144.png,middle
52,/content/filtered_data/image_145.png,middle
37,/content/filtered_data/image_146.png,middle
1,/content/filtered_data/image_147.png,young
25,/content/filtered_data/image_148.png,middle
20,/content/filtered_data/image_149.png,middle
28,/content/filtered_data/image_150.png,middle
60,/content/filtered_data/image_151.png,middle
34,/content/filtered_data/image_152.png,middle
48,/content/filtered_data/image_153.png,middle
1,/content/filtered_data/image_154.png,young
18,/content/filtered_data/image_155.png,young
21,/content/filtered_data/image_156.png,middle
30,/content/filtered_data/image_157.png,middle
32,/content/filtered_data/image_158.png,middle
48,/content/filtered_data/image_159.png,middle
50,/content/filtered_data/image_160.png,middle
45,/content/filtered_data/image_161.png,middle
31,/content/filtered_data/image_162.png,middle
80,/content/filtered_data/image_163.png,old
24,/content/filtered_data/image_164.png,middle
21,/content/filtered_data/image_165.png,middle
13,/content/filtered_data/image_166.png,young
32,/content/filtered_data/image_167.png,middle
33,/content/filtered_data/image_168.png,middle
28,/content/filtered_data/image_169.png,middle
52,/content/filtered_data/image_170.png,middle
72,/content/filtered_data/image_171.png,old
47,/content/filtered_data/image_172.png,middle
30,/content/filtered_data/image_173.png,middle
6,/content/filtered_data/image_174.png,young
27,/content/filtered_data/image_175.png,middle
26,/content/filtered_data/image_176.png,middle
14,/content/filtered_data/image_177.png,young
23,/content/filtered_data/image_178.png,middle
28,/content/filtered_data/image_179.png,middle
33,/content/filtered_data/image_180.png,middle
26,/content/filtered_data/image_181.png,middle
16,/content/filtered_data/image_182.png,young
8,/content/filtered_data/image_183.png,young
39,/content/filtered_data/image_184.png,middle
46,/content/filtered_data/image_185.png,middle
65,/content/filtered_data/image_186.png,old
55,/content/filtered_data/image_187.png,middle
6,/content/filtered_data/image_188.png,young
63,/content/filtered_data/image_189.png,old
21,/content/filtered_data/image_190.png,middle
26,/content/filtered_data/image_191.png,middle
17,/content/filtered_data/image_192.png,young
22,/content/filtered_data/image_193.png,middle
17,/content/filtered_data/image_194.png,young
24,/content/filtered_data/image_195.png,middle
15,/content/filtered_data/image_196.png,young
33,/content/filtered_data/image_197.png,middle
16,/content/filtered_data/image_198.png,young
12,/content/filtered_data/image_199.png,young
16,/content/filtered_data/image_200.png,young
34,/content/filtered_data/image_201.png,middle
44,/content/filtered_data/image_202.png,middle
28,/content/filtered_data/image_203.png,middle
18,/content/filtered_data/image_204.png,young
16,/content/filtered_data/image_205.png,young
45,/content/filtered_data/image_206.png,middle
19,/content/filtered_data/image_207.png,young
15,/content/filtered_data/image_208.png,young
15,/content/filtered_data/image_209.png,young
34,/content/filtered_data/image_210.png,middle
17,/content/filtered_data/image_211.png,young
49,/content/filtered_data/image_212.png,middle
7,/content/filtered_data/image_213.png,young
8,/content/filtered_data/image_214.png,young
23,/content/filtered_data/image_215.png,middle
24,/content/filtered_data/image_216.png,middle
41,/content/filtered_data/image_217.png,middle
56,/content/filtered_data/image_218.png,middle
18,/content/filtered_data/image_219.png,young
60,/content/filtered_data/image_220.png,middle
29,/content/filtered_data/image_221.png,middle
25,/content/filtered_data/image_222.png,middle
30,/content/filtered_data/image_223.png,middle
50,/content/filtered_data/image_224.png,middle
49,/content/filtered_data/image_225.png,middle
58,/content/filtered_data/image_226.png,middle
30,/content/filtered_data/image_227.png,middle
28,/content/filtered_data/image_228.png,middle
6,/content/filtered_data/image_229.png,young
25,/content/filtered_data/image_230.png,middle
4,/content/filtered_data/image_231.png,young
6,/content/filtered_data/image_232.png,young
37,/content/filtered_data/image_233.png,middle
1,/content/filtered_data/image_234.png,young
30,/content/filtered_data/image_235.png,middle
26,/content/filtered_data/image_236.png,middle
30,/content/filtered_data/image_237.png,middle
30,/content/filtered_data/image_238.png,middle
17,/content/filtered_data/image_239.png,young
48,/content/filtered_data/image_240.png,middle
32,/content/filtered_data/image_241.png,middle
18,/content/filtered_data/image_242.png,young
28,/content/filtered_data/image_243.png,middle
15,/content/filtered_data/image_244.png,young
11,/content/filtered_data/image_245.png,young
10,/content/filtered_data/image_246.png,young
1,/content/filtered_data/image_247.png,young
30,/content/filtered_data/image_248.png,middle
19,/content/filtered_data/image_249.png,young
53,/content/filtered_data/image_250.png,middle
80,/content/filtered_data/image_251.png,old
39,/content/filtered_data/image_252.png,middle
13,/content/filtered_data/image_253.png,young
7,/content/filtered_data/image_254.png,young
34,/content/filtered_data/image_255.png,middle
15,/content/filtered_data/image_256.png,young
27,/content/filtered_data/image_257.png,middle
31,/content/filtered_data/image_258.png,middle
30,/content/filtered_data/image_259.png,middle
16,/content/filtered_data/image_260.png,young
52,/content/filtered_data/image_261.png,middle
16,/content/filtered_data/image_262.png,young
18,/content/filtered_data/image_263.png,young
28,/content/filtered_data/image_264.png,middle
15,/content/filtered_data/image_265.png,young
16,/content/filtered_data/image_266.png,young
40,/content/filtered_data/image_267.png,middle
17,/content/filtered_data/image_268.png,young
19,/content/filtered_data/image_269.png,young
44,/content/filtered_data/image_270.png,middle
24,/content/filtered_data/image_271.png,middle
50,/content/filtered_data/image_272.png,middle
32,/content/filtered_data/image_273.png,middle
43,/content/filtered_data/image_274.png,middle
3,/content/filtered_data/image_275.png,young
30,/content/filtered_data/image_276.png,middle
70,/content/filtered_data/image_277.png,old
26,/content/filtered_data/image_278.png,middle
26,/content/filtered_data/image_279.png,middle
19,/content/filtered_data/image_280.png,young
50,/content/filtered_data/image_281.png,middle
41,/content/filtered_data/image_282.png,middle
25,/content/filtered_data/image_283.png,middle
50,/content/filtered_data/image_284.png,middle
25,/content/filtered_data/image_285.png,middle
50,/content/filtered_data/image_286.png,middle
51,/content/filtered_data/image_287.png,middle
40,/content/filtered_data/image_288.png,middle
45,/content/filtered_data/image_289.png,middle
9,/content/filtered_data/image_290.png,young
34,/content/filtered_data/image_291.png,middle
30,/content/filtered_data/image_292.png,middle
13,/content/filtered_data/image_293.png,young
44,/content/filtered_data/image_294.png,middle
17,/content/filtered_data/image_295.png,young
31,/content/filtered_data/image_296.png,middle
25,/content/filtered_data/image_297.png,middle
33,/content/filtered_data/image_298.png,middle
18,/content/filtered_data/image_299.png,young
6,/content/filtered_data/image_300.png,young
30,/content/filtered_data/image_301.png,middle
27,/content/filtered_data/image_302.png,middle
26,/content/filtered_data/image_303.png,middle
16,/content/filtered_data/image_304.png,young
26,/content/filtered_data/image_305.png,middle
23,/content/filtered_data/image_306.png,middle
70,/content/filtered_data/image_307.png,old
2,/content/filtered_data/image_308.png,young
60,/content/filtered_data/image_309.png,middle
26,/content/filtered_data/image_310.png,middle
18,/content/filtered_data/image_311.png,young
14,/content/filtered_data/image_312.png,young
35,/content/filtered_data/image_313.png,middle
18,/content/filtered_data/image_314.png,young
26,/content/filtered_data/image_315.png,middle
18,/content/filtered_data/image_316.png,young
34,/content/filtered_data/image_317.png,middle
65,/content/filtered_data/image_318.png,old
1,/content/filtered_data/image_319.png,young
70,/content/filtered_data/image_320.png,old
35,/content/filtered_data/image_321.png,middle
1,/content/filtered_data/image_322.png,young
13,/content/filtered_data/image_323.png,young
19,/content/filtered_data/image_324.png,young
18,/content/filtered_data/image_325.png,young
59,/content/filtered_data/image_326.png,middle
15,/content/filtered_data/image_327.png,young
16,/content/filtered_data/image_328.png,young
50,/content/filtered_data/image_329.png,middle
19,/content/filtered_data/image_330.png,young
4,/content/filtered_data/image_331.png,young
30,/content/filtered_data/image_332.png,middle
58,/content/filtered_data/image_333.png,middle
36,/content/filtered_data/image_334.png,middle
22,/content/filtered_data/image_335.png,middle
21,/content/filtered_data/image_336.png,middle
23,/content/filtered_data/image_337.png,middle
25,/content/filtered_data/image_338.png,middle
14,/content/filtered_data/image_339.png,young
14,/content/filtered_data/image_340.png,young
29,/content/filtered_data/image_341.png,middle
14,/content/filtered_data/image_342.png,young
30,/content/filtered_data/image_343.png,middle
53,/content/filtered_data/image_344.png,middle
55,/content/filtered_data/image_345.png,middle
26,/content/filtered_data/image_346.png,middle
30,/content/filtered_data/image_347.png,middle
41,/content/filtered_data/image_348.png,middle
48,/content/filtered_data/image_349.png,middle
44,/content/filtered_data/image_350.png,middle
22,/content/filtered_data/image_351.png,middle
25,/content/filtered_data/image_352.png,middle
7,/content/filtered_data/image_353.png,young
27,/content/filtered_data/image_354.png,middle
30,/content/filtered_data/image_355.png,middle
5,/content/filtered_data/image_356.png,young
23,/content/filtered_data/image_357.png,middle
2,/content/filtered_data/image_358.png,young
26,/content/filtered_data/image_359.png,middle
15,/content/filtered_data/image_360.png,young
33,/content/filtered_data/image_361.png,middle
15,/content/filtered_data/image_362.png,young
47,/content/filtered_data/image_363.png,middle
45,/content/filtered_data/image_364.png,middle
25,/content/filtered_data/image_365.png,middle
40,/content/filtered_data/image_366.png,middle
26,/content/filtered_data/image_367.png,middle
63,/content/filtered_data/image_368.png,old
1,/content/filtered_data/image_369.png,young
43,/content/filtered_data/image_370.png,middle
35,/content/filtered_data/image_371.png,middle
1,/content/filtered_data/image_372.png,young
39,/content/filtered_data/image_373.png,middle
13,/content/filtered_data/image_374.png,young
48,/content/filtered_data/image_375.png,middle
28,/content/filtered_data/image_376.png,middle
35,/content/filtered_data/image_377.png,middle
27,/content/filtered_data/image_378.png,middle
25,/content/filtered_data/image_379.png,middle
16,/content/filtered_data/image_380.png,young
58,/content/filtered_data/image_381.png,middle
20,/content/filtered_data/image_382.png,middle
35,/content/filtered_data/image_383.png,middle
23,/content/filtered_data/image_384.png,middle
68,/content/filtered_data/image_385.png,old
18,/content/filtered_data/image_386.png,young
11,/content/filtered_data/image_387.png,young
14,/content/filtered_data/image_388.png,young
26,/content/filtered_data/image_389.png,middle
26,/content/filtered_data/image_390.png,middle
25,/content/filtered_data/image_391.png,middle
5,/content/filtered_data/image_392.png,young
4,/content/filtered_data/image_393.png,young
40,/content/filtered_data/image_394.png,middle
26,/content/filtered_data/image_395.png,middle
47,/content/filtered_data/image_396.png,middle
15,/content/filtered_data/image_397.png,young
51,/content/filtered_data/image_398.png,middle
43,/content/filtered_data/image_399.png,middle
41,/content/filtered_data/image_400.png,middle
25,/content/filtered_data/image_401.png,middle
26,/content/filtered_data/image_402.png,middle
27,/content/filtered_data/image_403.png,middle
10,/content/filtered_data/image_404.png,young
25,/content/filtered_data/image_405.png,middle
16,/content/filtered_data/image_406.png,young
64,/content/filtered_data/image_407.png,old
44,/content/filtered_data/image_408.png,middle
36,/content/filtered_data/image_409.png,middle
37,/content/filtered_data/image_410.png,middle
47,/content/filtered_data/image_411.png,middle
51,/content/filtered_data/image_412.png,middle
9,/content/filtered_data/image_413.png,young
41,/content/filtered_data/image_414.png,middle
25,/content/filtered_data/image_415.png,middle
15,/content/filtered_data/image_416.png,young
25,/content/filtered_data/image_417.png,middle
14,/content/filtered_data/image_418.png,young
19,/content/filtered_data/image_419.png,young
17,/content/filtered_data/image_420.png,young
30,/content/filtered_data/image_421.png,middle
45,/content/filtered_data/image_422.png,middle
21,/content/filtered_data/image_423.png,middle
34,/content/filtered_data/image_424.png,middle
32,/content/filtered_data/image_425.png,middle
28,/content/filtered_data/image_426.png,middle
34,/content/filtered_data/image_427.png,middle
44,/content/filtered_data/image_428.png,middle
25,/content/filtered_data/image_429.png,middle
67,/content/filtered_data/image_430.png,old
19,/content/filtered_data/image_431.png,young
56,/content/filtered_data/image_432.png,middle
4,/content/filtered_data/image_433.png,young
31,/content/filtered_data/image_434.png,middle
37,/content/filtered_data/image_435.png,middle
62,/content/filtered_data/image_436.png,old
5,/content/filtered_data/image_437.png,young
15,/content/filtered_data/image_438.png,young
2,/content/filtered_data/image_439.png,young
41,/content/filtered_data/image_440.png,middle
29,/content/filtered_data/image_441.png,middle
13,/content/filtered_data/image_442.png,young
1,/content/filtered_data/image_443.png,young
38,/content/filtered_data/image_444.png,middle
44,/content/filtered_data/image_445.png,middle
24,/content/filtered_data/image_446.png,middle
5,/content/filtered_data/image_447.png,young
33,/content/filtered_data/image_448.png,middle
25,/content/filtered_data/image_449.png,middle
16,/content/filtered_data/image_450.png,young
50,/content/filtered_data/image_451.png,middle
40,/content/filtered_data/image_452.png,middle
40,/content/filtered_data/image_453.png,middle
1,/content/filtered_data/image_454.png,young
25,/content/filtered_data/image_455.png,middle
60,/content/filtered_data/image_456.png,middle
1,/content/filtered_data/image_457.png,young
21,/content/filtered_data/image_458.png,middle
18,/content/filtered_data/image_459.png,young
23,/content/filtered_data/image_460.png,middle
20,/content/filtered_data/image_461.png,middle
32,/content/filtered_data/image_462.png,middle
19,/content/filtered_data/image_463.png,young
49,/content/filtered_data/image_464.png,middle
35,/content/filtered_data/image_465.png,middle
1,/content/filtered_data/image_466.png,young
65,/content/filtered_data/image_467.png,old
19,/content/filtered_data/image_468.png,young
2,/content/filtered_data/image_469.png,young
16,/content/filtered_data/image_470.png,young
40,/content/filtered_data/image_471.png,middle
23,/content/filtered_data/image_472.png,middle
37,/content/filtered_data/image_473.png,middle
50,/content/filtered_data/image_474.png,middle
26,/content/filtered_data/image_475.png,middle
56,/content/filtered_data/image_476.png,middle
1,/content/filtered_data/image_477.png,young
8,/content/filtered_data/image_478.png,young
17,/content/filtered_data/image_479.png,young
24,/content/filtered_data/image_480.png,middle
25,/content/filtered_data/image_481.png,middle
24,/content/filtered_data/image_482.png,middle
26,/content/filtered_data/image_483.png,middle
18,/content/filtered_data/image_484.png,young
23,/content/filtered_data/image_485.png,middle
26,/content/filtered_data/image_486.png,middle
17,/content/filtered_data/image_487.png,young
54,/content/filtered_data/image_488.png,middle
38,/content/filtered_data/image_489.png,middle
33,/content/filtered_data/image_490.png,middle
41,/content/filtered_data/image_491.png,middle
2,/content/filtered_data/image_492.png,young
38,/content/filtered_data/image_493.png,middle
29,/content/filtered_data/image_494.png,middle
55,/content/filtered_data/image_495.png,middle
50,/content/filtered_data/image_496.png,middle
19,/content/filtered_data/image_497.png,young
19,/content/filtered_data/image_498.png,young
30,/content/filtered_data/image_499.png,middle
34,/content/filtered_data/image_500.png,middle
17,/content/filtered_data/image_501.png,young
22,/content/filtered_data/image_502.png,middle
30,/content/filtered_data/image_503.png,middle
14,/content/filtered_data/image_504.png,young
28,/content/filtered_data/image_505.png,middle
23,/content/filtered_data/image_506.png,middle
67,/content/filtered_data/image_507.png,old
27,/content/filtered_data/image_508.png,middle
34,/content/filtered_data/image_509.png,middle
70,/content/filtered_data/image_510.png,old
27,/content/filtered_data/image_511.png,middle
14,/content/filtered_data/image_512.png,young
40,/content/filtered_data/image_513.png,middle
20,/content/filtered_data/image_514.png,middle
16,/content/filtered_data/image_515.png,young
15,/content/filtered_data/image_516.png,young
45,/content/filtered_data/image_517.png,middle
2,/content/filtered_data/image_518.png,young
28,/content/filtered_data/image_519.png,middle
39,/content/filtered_data/image_520.png,middle
23,/content/filtered_data/image_521.png,middle
28,/content/filtered_data/image_522.png,middle
56,/content/filtered_data/image_523.png,middle
2,/content/filtered_data/image_524.png,young
40,/content/filtered_data/image_525.png,middle
2,/content/filtered_data/image_526.png,young
27,/content/filtered_data/image_527.png,middle
80,/content/filtered_data/image_528.png,old
60,/content/filtered_data/image_529.png,middle
22,/content/filtered_data/image_530.png,middle
19,/content/filtered_data/image_531.png,young
32,/content/filtered_data/image_532.png,middle
45,/content/filtered_data/image_533.png,middle
19,/content/filtered_data/image_534.png,young
20,/content/filtered_data/image_535.png,middle
37,/content/filtered_data/image_536.png,middle
27,/content/filtered_data/image_537.png,middle
15,/content/filtered_data/image_538.png,young
52,/content/filtered_data/image_539.png,middle
47,/content/filtered_data/image_540.png,middle
35,/content/filtered_data/image_541.png,middle
17,/content/filtered_data/image_542.png,young
33,/content/filtered_data/image_543.png,middle
22,/content/filtered_data/image_544.png,middle
59,/content/filtered_data/image_545.png,middle
16,/content/filtered_data/image_546.png,young
15,/content/filtered_data/image_547.png,young
57,/content/filtered_data/image_548.png,middle
28,/content/filtered_data/image_549.png,middle
26,/content/filtered_data/image_550.png,middle
44,/content/filtered_data/image_551.png,middle
21,/content/filtered_data/image_552.png,middle
48,/content/filtered_data/image_553.png,middle
60,/content/filtered_data/image_554.png,middle
34,/content/filtered_data/image_555.png,middle
19,/content/filtered_data/image_556.png,young
5,/content/filtered_data/image_557.png,young
3,/content/filtered_data/image_558.png,young
16,/content/filtered_data/image_559.png,young
28,/content/filtered_data/image_560.png,middle
33,/content/filtered_data/image_561.png,middle
35,/content/filtered_data/image_562.png,middle
49,/content/filtered_data/image_563.png,middle
40,/content/filtered_data/image_564.png,middle
26,/content/filtered_data/image_565.png,middle
24,/content/filtered_data/image_566.png,middle
32,/content/filtered_data/image_567.png,middle
22,/content/filtered_data/image_568.png,middle
9,/content/filtered_data/image_569.png,young
42,/content/filtered_data/image_570.png,middle
30,/content/filtered_data/image_571.png,middle
26,/content/filtered_data/image_572.png,middle
33,/content/filtered_data/image_573.png,middle
7,/content/filtered_data/image_574.png,young
18,/content/filtered_data/image_575.png,young
24,/content/filtered_data/image_576.png,middle
18,/content/filtered_data/image_577.png,young
31,/content/filtered_data/image_578.png,middle
17,/content/filtered_data/image_579.png,young
47,/content/filtered_data/image_580.png,middle
17,/content/filtered_data/image_581.png,young
36,/content/filtered_data/image_582.png,middle
16,/content/filtered_data/image_583.png,young
50,/content/filtered_data/image_584.png,middle
26,/content/filtered_data/image_585.png,middle
16,/content/filtered_data/image_586.png,young
6,/content/filtered_data/image_587.png,young
25,/content/filtered_data/image_588.png,middle
4,/content/filtered_data/image_589.png,young
20,/content/filtered_data/image_590.png,middle
49,/content/filtered_data/image_591.png,middle
40,/content/filtered_data/image_592.png,middle
5,/content/filtered_data/image_593.png,young
32,/content/filtered_data/image_594.png,middle
75,/content/filtered_data/image_595.png,old
9,/content/filtered_data/image_596.png,young
20,/content/filtered_data/image_597.png,middle
30,/content/filtered_data/image_598.png,middle
29,/content/filtered_data/image_599.png,middle
19,/content/filtered_data/image_600.png,young
30,/content/filtered_data/image_601.png,middle
7,/content/filtered_data/image_602.png,young
14,/content/filtered_data/image_603.png,young
49,/content/filtered_data/image_604.png,middle
17,/content/filtered_data/image_605.png,young
70,/content/filtered_data/image_606.png,old
10,/content/filtered_data/image_607.png,young
5,/content/filtered_data/image_608.png,young
7,/content/filtered_data/image_609.png,young
47,/content/filtered_data/image_610.png,middle
29,/content/filtered_data/image_611.png,middle
18,/content/filtered_data/image_612.png,young
52,/content/filtered_data/image_613.png,middle
28,/content/filtered_data/image_614.png,middle
61,/content/filtered_data/image_615.png,old
23,/content/filtered_data/image_616.png,middle
23,/content/filtered_data/image_617.png,middle
40,/content/filtered_data/image_618.png,middle
35,/content/filtered_data/image_619.png,middle
19,/content/filtered_data/image_620.png,young
41,/content/filtered_data/image_621.png,middle
31,/content/filtered_data/image_622.png,middle
22,/content/filtered_data/image_623.png,middle
40,/content/filtered_data/image_624.png,middle
33,/content/filtered_data/image_625.png,middle
22,/content/filtered_data/image_626.png,middle
4,/content/filtered_data/image_627.png,young
21,/content/filtered_data/image_628.png,middle
20,/content/filtered_data/image_629.png,middle
27,/content/filtered_data/image_630.png,middle
30,/content/filtered_data/image_631.png,middle
20,/content/filtered_data/image_632.png,middle
4,/content/filtered_data/image_633.png,young
22,/content/filtered_data/image_634.png,middle
18,/content/filtered_data/image_635.png,young
29,/content/filtered_data/image_636.png,middle
17,/content/filtered_data/image_637.png,young
1,/content/filtered_data/image_638.png,young
30,/content/filtered_data/image_639.png,middle
21,/content/filtered_data/image_640.png,middle
47,/content/filtered_data/image_641.png,middle
42,/content/filtered_data/image_642.png,middle
28,/content/filtered_data/image_643.png,middle
48,/content/filtered_data/image_644.png,middle
32,/content/filtered_data/image_645.png,middle
18,/content/filtered_data/image_646.png,young
69,/content/filtered_data/image_647.png,old
25,/content/filtered_data/image_648.png,middle
25,/content/filtered_data/image_649.png,middle
16,/content/filtered_data/image_650.png,young
18,/content/filtered_data/image_651.png,young
4,/content/filtered_data/image_652.png,young
19,/content/filtered_data/image_653.png,young
28,/content/filtered_data/image_654.png,middle
25,/content/filtered_data/image_655.png,middle
34,/content/filtered_data/image_656.png,middle
34,/content/filtered_data/image_657.png,middle
24,/content/filtered_data/image_658.png,middle
32,/content/filtered_data/image_659.png,middle
1,/content/filtered_data/image_660.png,young
27,/content/filtered_data/image_661.png,middle
47,/content/filtered_data/image_662.png,middle
60,/content/filtered_data/image_663.png,middle
35,/content/filtered_data/image_664.png,middle
25,/content/filtered_data/image_665.png,middle
44,/content/filtered_data/image_666.png,middle
1,/content/filtered_data/image_667.png,young
42,/content/filtered_data/image_668.png,middle
63,/content/filtered_data/image_669.png,old
20,/content/filtered_data/image_670.png,middle
52,/content/filtered_data/image_671.png,middle
42,/content/filtered_data/image_672.png,middle
27,/content/filtered_data/image_673.png,middle
28,/content/filtered_data/image_674.png,middle
9,/content/filtered_data/image_675.png,young
23,/content/filtered_data/image_676.png,middle
6,/content/filtered_data/image_677.png,young
59,/content/filtered_data/image_678.png,middle
25,/content/filtered_data/image_679.png,middle
12,/content/filtered_data/image_680.png,young
48,/content/filtered_data/image_681.png,middle
48,/content/filtered_data/image_682.png,middle
40,/content/filtered_data/image_683.png,middle
35,/content/filtered_data/image_684.png,middle
23,/content/filtered_data/image_685.png,middle
34,/content/filtered_data/image_686.png,middle
30,/content/filtered_data/image_687.png,middle
49,/content/filtered_data/image_688.png,middle
18,/content/filtered_data/image_689.png,young
20,/content/filtered_data/image_690.png,middle
3,/content/filtered_data/image_691.png,young
3,/content/filtered_data/image_692.png,young
25,/content/filtered_data/image_693.png,middle
29,/content/filtered_data/image_694.png,middle
16,/content/filtered_data/image_695.png,young
34,/content/filtered_data/image_696.png,middle
5,/content/filtered_data/image_697.png,young
40,/content/filtered_data/image_698.png,middle
37,/content/filtered_data/image_699.png,middle
5,/content/filtered_data/image_700.png,young
30,/content/filtered_data/image_701.png,middle
29,/content/filtered_data/image_702.png,middle
32,/content/filtered_data/image_703.png,middle
22,/content/filtered_data/image_704.png,middle
30,/content/filtered_data/image_705.png,middle
48,/content/filtered_data/image_706.png,middle
19,/content/filtered_data/image_707.png,young
17,/content/filtered_data/image_708.png,young
10,/content/filtered_data/image_709.png,young
53,/content/filtered_data/image_710.png,middle
26,/content/filtered_data/image_711.png,middle
19,/content/filtered_data/image_712.png,young
54,/content/filtered_data/image_713.png,middle
21,/content/filtered_data/image_714.png,middle
11,/content/filtered_data/image_715.png,young
51,/content/filtered_data/image_716.png,middle
48,/content/filtered_data/image_717.png,middle
31,/content/filtered_data/image_718.png,middle
12,/content/filtered_data/image_719.png,young
18,/content/filtered_data/image_720.png,young
12,/content/filtered_data/image_721.png,young
1,/content/filtered_data/image_722.png,young
2,/content/filtered_data/image_723.png,young
21,/content/filtered_data/image_724.png,middle
23,/content/filtered_data/image_725.png,middle
18,/content/filtered_data/image_726.png,young
13,/content/filtered_data/image_727.png,young
18,/content/filtered_data/image_728.png,young
28,/content/filtered_data/image_729.png,middle
17,/content/filtered_data/image_730.png,young
41,/content/filtered_data/image_731.png,middle
25,/content/filtered_data/image_732.png,middle
33,/content/filtered_data/image_733.png,middle
18,/content/filtered_data/image_734.png,young
4,/content/filtered_data/image_735.png,young
30,/content/filtered_data/image_736.png,middle
32,/content/filtered_data/image_737.png,middle
34,/content/filtered_data/image_738.png,middle
58,/content/filtered_data/image_739.png,middle
21,/content/filtered_data/image_740.png,middle
35,/content/filtered_data/image_741.png,middle
30,/content/filtered_data/image_742.png,middle
7,/content/filtered_data/image_743.png,young
35,/content/filtered_data/image_744.png,middle
14,/content/filtered_data/image_745.png,young
4,/content/filtered_data/image_746.png,young
22,/content/filtered_data/image_747.png,middle
47,/content/filtered_data/image_748.png,middle
5,/content/filtered_data/image_749.png,young
16,/content/filtered_data/image_750.png,young
24,/content/filtered_data/image_751.png,middle
30,/content/filtered_data/image_752.png,middle
26,/content/filtered_data/image_753.png,middle
39,/content/filtered_data/image_754.png,middle
6,/content/filtered_data/image_755.png,young
26,/content/filtered_data/image_756.png,middle
16,/content/filtered_data/image_757.png,young
42,/content/filtered_data/image_758.png,middle
38,/content/filtered_data/image_759.png,middle
50,/content/filtered_data/image_760.png,middle
33,/content/filtered_data/image_761.png,middle
19,/content/filtered_data/image_762.png,young
14,/content/filtered_data/image_763.png,young
27,/content/filtered_data/image_764.png,middle
20,/content/filtered_data/image_765.png,middle
1,/content/filtered_data/image_766.png,young
26,/content/filtered_data/image_767.png,middle
29,/content/filtered_data/image_768.png,middle
20,/content/filtered_data/image_769.png,middle
29,/content/filtered_data/image_770.png,middle
15,/content/filtered_data/image_771.png,young
90,/content/filtered_data/image_772.png,old
7,/content/filtered_data/image_773.png,young
34,/content/filtered_data/image_774.png,middle
34,/content/filtered_data/image_775.png,middle
20,/content/filtered_data/image_776.png,middle
57,/content/filtered_data/image_777.png,middle
21,/content/filtered_data/image_778.png,middle
35,/content/filtered_data/image_779.png,middle
31,/content/filtered_data/image_780.png,middle
27,/content/filtered_data/image_781.png,middle
34,/content/filtered_data/image_782.png,middle
24,/content/filtered_data/image_783.png,middle
15,/content/filtered_data/image_784.png,young
60,/content/filtered_data/image_785.png,middle
20,/content/filtered_data/image_786.png,middle
27,/content/filtered_data/image_787.png,middle
13,/content/filtered_data/image_788.png,young
24,/content/filtered_data/image_789.png,middle
16,/content/filtered_data/image_790.png,young
20,/content/filtered_data/image_791.png,middle
23,/content/filtered_data/image_792.png,middle
1,/content/filtered_data/image_793.png,young
43,/content/filtered_data/image_794.png,middle
25,/content/filtered_data/image_795.png,middle
2,/content/filtered_data/image_796.png,young
34,/content/filtered_data/image_797.png,middle
39,/content/filtered_data/image_798.png,middle
45,/content/filtered_data/image_799.png,middle
50,/content/filtered_data/image_800.png,middle
27,/content/filtered_data/image_801.png,middle
25,/content/filtered_data/image_802.png,middle
29,/content/filtered_data/image_803.png,middle
27,/content/filtered_data/image_804.png,middle
36,/content/filtered_data/image_805.png,middle
35,/content/filtered_data/image_806.png,middle
25,/content/filtered_data/image_807.png,middle
40,/content/filtered_data/image_808.png,middle
40,/content/filtered_data/image_809.png,middle
60,/content/filtered_data/image_810.png,middle
32,/content/filtered_data/image_811.png,middle
30,/content/filtered_data/image_812.png,middle
17,/content/filtered_data/image_813.png,young
23,/content/filtered_data/image_814.png,middle
30,/content/filtered_data/image_815.png,middle
27,/content/filtered_data/image_816.png,middle
75,/content/filtered_data/image_817.png,old
80,/content/filtered_data/image_818.png,old
21,/content/filtered_data/image_819.png,middle
37,/content/filtered_data/image_820.png,middle
30,/content/filtered_data/image_821.png,middle
25,/content/filtered_data/image_822.png,middle
21,/content/filtered_data/image_823.png,middle
50,/content/filtered_data/image_824.png,middle
39,/content/filtered_data/image_825.png,middle
24,/content/filtered_data/image_826.png,middle
4,/content/filtered_data/image_827.png,young
18,/content/filtered_data/image_828.png,young
37,/content/filtered_data/image_829.png,middle
25,/content/filtered_data/image_830.png,middle
56,/content/filtered_data/image_831.png,middle
36,/content/filtered_data/image_832.png,middle
23,/content/filtered_data/image_833.png,middle
34,/content/filtered_data/image_834.png,middle
23,/content/filtered_data/image_835.png,middle
28,/content/filtered_data/image_836.png,middle
68,/content/filtered_data/image_837.png,old
17,/content/filtered_data/image_838.png,young
30,/content/filtered_data/image_839.png,middle
45,/content/filtered_data/image_840.png,middle
22,/content/filtered_data/image_841.png,middle
27,/content/filtered_data/image_842.png,middle
16,/content/filtered_data/image_843.png,young
75,/content/filtered_data/image_844.png,old
56,/content/filtered_data/image_845.png,middle
52,/content/filtered_data/image_846.png,middle
15,/content/filtered_data/image_847.png,young
42,/content/filtered_data/image_848.png,middle
45,/content/filtered_data/image_849.png,middle
18,/content/filtered_data/image_850.png,young
35,/content/filtered_data/image_851.png,middle
41,/content/filtered_data/image_852.png,middle
50,/content/filtered_data/image_853.png,middle
75,/content/filtered_data/image_854.png,old
25,/content/filtered_data/image_855.png,middle
17,/content/filtered_data/image_856.png,young
54,/content/filtered_data/image_857.png,middle
25,/content/filtered_data/image_858.png,middle
7,/content/filtered_data/image_859.png,young
49,/content/filtered_data/image_860.png,middle
27,/content/filtered_data/image_861.png,middle
40,/content/filtered_data/image_862.png,middle
46,/content/filtered_data/image_863.png,middle
27,/content/filtered_data/image_864.png,middle
18,/content/filtered_data/image_865.png,young
44,/content/filtered_data/image_866.png,middle
85,/content/filtered_data/image_867.png,old
4,/content/filtered_data/image_868.png,young
47,/content/filtered_data/image_869.png,middle
67,/content/filtered_data/image_870.png,old
22,/content/filtered_data/image_871.png,middle
18,/content/filtered_data/image_872.png,young
64,/content/filtered_data/image_873.png,old
54,/content/filtered_data/image_874.png,middle
23,/content/filtered_data/image_875.png,middle
13,/content/filtered_data/image_876.png,young
45,/content/filtered_data/image_877.png,middle
17,/content/filtered_data/image_878.png,young
29,/content/filtered_data/image_879.png,middle
16,/content/filtered_data/image_880.png,young
52,/content/filtered_data/image_881.png,middle
5,/content/filtered_data/image_882.png,young
19,/content/filtered_data/image_883.png,young
47,/content/filtered_data/image_884.png,middle
9,/content/filtered_data/image_885.png,young
29,/content/filtered_data/image_886.png,middle
35,/content/filtered_data/image_887.png,middle
27,/content/filtered_data/image_888.png,middle
50,/content/filtered_data/image_889.png,middle
25,/content/filtered_data/image_890.png,middle
7,/content/filtered_data/image_891.png,young
34,/content/filtered_data/image_892.png,middle
41,/content/filtered_data/image_893.png,middle
30,/content/filtered_data/image_894.png,middle
19,/content/filtered_data/image_895.png,young
3,/content/filtered_data/image_896.png,young
6,/content/filtered_data/image_897.png,young
50,/content/filtered_data/image_898.png,middle
1,/content/filtered_data/image_899.png,young
2,/content/filtered_data/image_900.png,young
12,/content/filtered_data/image_901.png,young
17,/content/filtered_data/image_902.png,young
29,/content/filtered_data/image_903.png,middle
17,/content/filtered_data/image_904.png,young
12,/content/filtered_data/image_905.png,young
35,/content/filtered_data/image_906.png,middle
50,/content/filtered_data/image_907.png,middle
8,/content/filtered_data/image_908.png,young
25,/content/filtered_data/image_909.png,middle
18,/content/filtered_data/image_910.png,young
25,/content/filtered_data/image_911.png,middle
46,/content/filtered_data/image_912.png,middle
55,/content/filtered_data/image_913.png,middle
17,/content/filtered_data/image_914.png,young
24,/content/filtered_data/image_915.png,middle
46,/content/filtered_data/image_916.png,middle
14,/content/filtered_data/image_917.png,young
17,/content/filtered_data/image_918.png,young
43,/content/filtered_data/image_919.png,middle
50,/content/filtered_data/image_920.png,middle
30,/content/filtered_data/image_921.png,middle
19,/content/filtered_data/image_922.png,young
48,/content/filtered_data/image_923.png,middle
44,/content/filtered_data/image_924.png,middle
46,/content/filtered_data/image_925.png,middle
4,/content/filtered_data/image_926.png,young
31,/content/filtered_data/image_927.png,middle
36,/content/filtered_data/image_928.png,middle
14,/content/filtered_data/image_929.png,young
30,/content/filtered_data/image_930.png,middle
61,/content/filtered_data/image_931.png,old
33,/content/filtered_data/image_932.png,middle
22,/content/filtered_data/image_933.png,middle
19,/content/filtered_data/image_934.png,young
5,/content/filtered_data/image_935.png,young
42,/content/filtered_data/image_936.png,middle
23,/content/filtered_data/image_937.png,middle
20,/content/filtered_data/image_938.png,middle
49,/content/filtered_data/image_939.png,middle
36,/content/filtered_data/image_940.png,middle
50,/content/filtered_data/image_941.png,middle
36,/content/filtered_data/image_942.png,middle
85,/content/filtered_data/image_943.png,old
20,/content/filtered_data/image_944.png,middle
90,/content/filtered_data/image_945.png,old
28,/content/filtered_data/image_946.png,middle
20,/content/filtered_data/image_947.png,middle
46,/content/filtered_data/image_948.png,middle
27,/content/filtered_data/image_949.png,middle
28,/content/filtered_data/image_950.png,middle
23,/content/filtered_data/image_951.png,middle
12,/content/filtered_data/image_952.png,young
26,/content/filtered_data/image_953.png,middle
70,/content/filtered_data/image_954.png,old
18,/content/filtered_data/image_955.png,young
31,/content/filtered_data/image_956.png,middle
5,/content/filtered_data/image_957.png,young
14,/content/filtered_data/image_958.png,young
22,/content/filtered_data/image_959.png,middle
25,/content/filtered_data/image_960.png,middle
18,/content/filtered_data/image_961.png,young
24,/content/filtered_data/image_962.png,middle
22,/content/filtered_data/image_963.png,middle
19,/content/filtered_data/image_964.png,young
25,/content/filtered_data/image_965.png,middle
30,/content/filtered_data/image_966.png,middle
14,/content/filtered_data/image_967.png,young
33,/content/filtered_data/image_968.png,middle
4,/content/filtered_data/image_969.png,young
37,/content/filtered_data/image_970.png,middle
17,/content/filtered_data/image_971.png,young
15,/content/filtered_data/image_972.png,young
50,/content/filtered_data/image_973.png,middle
25,/content/filtered_data/image_974.png,middle
19,/content/filtered_data/image_975.png,young
4,/content/filtered_data/image_976.png,young
43,/content/filtered_data/image_977.png,middle
40,/content/filtered_data/image_978.png,middle
59,/content/filtered_data/image_979.png,middle
26,/content/filtered_data/image_980.png,middle
43,/content/filtered_data/image_981.png,middle
24,/content/filtered_data/image_982.png,middle
1,/content/filtered_data/image_983.png,young
27,/content/filtered_data/image_984.png,middle
25,/content/filtered_data/image_985.png,middle
40,/content/filtered_data/image_986.png,middle
40,/content/filtered_data/image_987.png,middle
26,/content/filtered_data/image_988.png,middle
21,/content/filtered_data/image_989.png,middle
26,/content/filtered_data/image_990.png,middle
14,/content/filtered_data/image_991.png,young
25,/content/filtered_data/image_992.png,middle
39,/content/filtered_data/image_993.png,middle
72,/content/filtered_data/image_994.png,old
50,/content/filtered_data/image_995.png,middle
20,/content/filtered_data/image_996.png,middle
1,/content/filtered_data/image_997.png,young
19,/content/filtered_data/image_998.png,young
27,/content/filtered_data/image_999.png,middle
2,/content/filtered_data/image_1000.png,young
22,/content/filtered_data/image_1001.png,middle
44,/content/filtered_data/image_1002.png,middle
40,/content/filtered_data/image_1003.png,middle
22,/content/filtered_data/image_1004.png,middle
16,/content/filtered_data/image_1005.png,young
54,/content/filtered_data/image_1006.png,middle
32,/content/filtered_data/image_1007.png,middle
29,/content/filtered_data/image_1008.png,middle
5,/content/filtered_data/image_1009.png,young
50,/content/filtered_data/image_1010.png,middle
40,/content/filtered_data/image_1011.png,middle
33,/content/filtered_data/image_1012.png,middle
39,/content/filtered_data/image_1013.png,middle
20,/content/filtered_data/image_1014.png,middle
29,/content/filtered_data/image_1015.png,middle
21,/content/filtered_data/image_1016.png,middle
23,/content/filtered_data/image_1017.png,middle
51,/content/filtered_data/image_1018.png,middle
14,/content/filtered_data/image_1019.png,young
17,/content/filtered_data/image_1020.png,young
30,/content/filtered_data/image_1021.png,middle
14,/content/filtered_data/image_1022.png,young
36,/content/filtered_data/image_1023.png,middle
44,/content/filtered_data/image_1024.png,middle
1,/content/filtered_data/image_1025.png,young
36,/content/filtered_data/image_1026.png,middle
37,/content/filtered_data/image_1027.png,middle
24,/content/filtered_data/image_1028.png,middle
40,/content/filtered_data/image_1029.png,middle
34,/content/filtered_data/image_1030.png,middle
5,/content/filtered_data/image_1031.png,young
17,/content/filtered_data/image_1032.png,young
41,/content/filtered_data/image_1033.png,middle
24,/content/filtered_data/image_1034.png,middle
3,/content/filtered_data/image_1035.png,young
41,/content/filtered_data/image_1036.png,middle
40,/content/filtered_data/image_1037.png,middle
16,/content/filtered_data/image_1038.png,young
25,/content/filtered_data/image_1039.png,middle
36,/content/filtered_data/image_1040.png,middle
5,/content/filtered_data/image_1041.png,young
35,/content/filtered_data/image_1042.png,middle
60,/content/filtered_data/image_1043.png,middle
65,/content/filtered_data/image_1044.png,old
17,/content/filtered_data/image_1045.png,young
18,/content/filtered_data/image_1046.png,young
20,/content/filtered_data/image_1047.png,middle
17,/content/filtered_data/image_1048.png,young
33,/content/filtered_data/image_1049.png,middle
18,/content/filtered_data/image_1050.png,young
25,/content/filtered_data/image_1051.png,middle
35,/content/filtered_data/image_1052.png,middle
39,/content/filtered_data/image_1053.png,middle
32,/content/filtered_data/image_1054.png,middle
25,/content/filtered_data/image_1055.png,middle
25,/content/filtered_data/image_1056.png,middle
90,/content/filtered_data/image_1057.png,old
25,/content/filtered_data/image_1058.png,middle
26,/content/filtered_data/image_1059.png,middle
18,/content/filtered_data/image_1060.png,young
88,/content/filtered_data/image_1061.png,old
23,/content/filtered_data/image_1062.png,middle
8,/content/filtered_data/image_1063.png,young
47,/content/filtered_data/image_1064.png,middle
17,/content/filtered_data/image_1065.png,young
52,/content/filtered_data/image_1066.png,middle
31,/content/filtered_data/image_1067.png,middle
1,/content/filtered_data/image_1068.png,young
21,/content/filtered_data/image_1069.png,middle
6,/content/filtered_data/image_1070.png,young
30,/content/filtered_data/image_1071.png,middle
60,/content/filtered_data/image_1072.png,middle
17,/content/filtered_data/image_1073.png,young
16,/content/filtered_data/image_1074.png,young
29,/content/filtered_data/image_1075.png,middle
38,/content/filtered_data/image_1076.png,middle
20,/content/filtered_data/image_1077.png,middle
40,/content/filtered_data/image_1078.png,middle
69,/content/filtered_data/image_1079.png,old
42,/content/filtered_data/image_1080.png,middle
39,/content/filtered_data/image_1081.png,middle
35,/content/filtered_data/image_1082.png,middle
35,/content/filtered_data/image_1083.png,middle
28,/content/filtered_data/image_1084.png,middle
16,/content/filtered_data/image_1085.png,young
27,/content/filtered_data/image_1086.png,middle
25,/content/filtered_data/image_1087.png,middle
42,/content/filtered_data/image_1088.png,middle
23,/content/filtered_data/image_1089.png,middle
30,/content/filtered_data/image_1090.png,middle
2,/content/filtered_data/image_1091.png,young
44,/content/filtered_data/image_1092.png,middle
14,/content/filtered_data/image_1093.png,young
25,/content/filtered_data/image_1094.png,middle
33,/content/filtered_data/image_1095.png,middle
24,/content/filtered_data/image_1096.png,middle
50,/content/filtered_data/image_1097.png,middle
38,/content/filtered_data/image_1098.png,middle
62,/content/filtered_data/image_1099.png,old
28,/content/filtered_data/image_1100.png,middle
30,/content/filtered_data/image_1101.png,middle
12,/content/filtered_data/image_1102.png,young
10,/content/filtered_data/image_1103.png,young
30,/content/filtered_data/image_1104.png,middle
27,/content/filtered_data/image_1105.png,middle
58,/content/filtered_data/image_1106.png,middle
14,/content/filtered_data/image_1107.png,young
37,/content/filtered_data/image_1108.png,middle
18,/content/filtered_data/image_1109.png,young
22,/content/filtered_data/image_1110.png,middle
10,/content/filtered_data/image_1111.png,young
55,/content/filtered_data/image_1112.png,middle
30,/content/filtered_data/image_1113.png,middle
29,/content/filtered_data/image_1114.png,middle
43,/content/filtered_data/image_1115.png,middle
35,/content/filtered_data/image_1116.png,middle
25,/content/filtered_data/image_1117.png,middle
65,/content/filtered_data/image_1118.png,old
27,/content/filtered_data/image_1119.png,middle
10,/content/filtered_data/image_1120.png,young
30,/content/filtered_data/image_1121.png,middle
17,/content/filtered_data/image_1122.png,young
7,/content/filtered_data/image_1123.png,young
23,/content/filtered_data/image_1124.png,middle
65,/content/filtered_data/image_1125.png,old
31,/content/filtered_data/image_1126.png,middle
5,/content/filtered_data/image_1127.png,young
4,/content/filtered_data/image_1128.png,young
30,/content/filtered_data/image_1129.png,middle
18,/content/filtered_data/image_1130.png,young
14,/content/filtered_data/image_1131.png,young
24,/content/filtered_data/image_1132.png,middle
1,/content/filtered_data/image_1133.png,young
36,/content/filtered_data/image_1134.png,middle
30,/content/filtered_data/image_1135.png,middle
23,/content/filtered_data/image_1136.png,middle
6,/content/filtered_data/image_1137.png,young
34,/content/filtered_data/image_1138.png,middle
62,/content/filtered_data/image_1139.png,old
35,/content/filtered_data/image_1140.png,middle
22,/content/filtered_data/image_1141.png,middle
38,/content/filtered_data/image_1142.png,middle
49,/content/filtered_data/image_1143.png,middle
28,/content/filtered_data/image_1144.png,middle
12,/content/filtered_data/image_1145.png,young
32,/content/filtered_data/image_1146.png,middle
39,/content/filtered_data/image_1147.png,middle
27,/content/filtered_data/image_1148.png,middle
41,/content/filtered_data/image_1149.png,middle
15,/content/filtered_data/image_1150.png,young
7,/content/filtered_data/image_1151.png,young
59,/content/filtered_data/image_1152.png,middle
69,/content/filtered_data/image_1153.png,old
23,/content/filtered_data/image_1154.png,middle
1,/content/filtered_data/image_1155.png,young
11,/content/filtered_data/image_1156.png,young
19,/content/filtered_data/image_1157.png,young
29,/content/filtered_data/image_1158.png,middle
34,/content/filtered_data/image_1159.png,middle
73,/content/filtered_data/image_1160.png,old
49,/content/filtered_data/image_1161.png,middle
17,/content/filtered_data/image_1162.png,young
30,/content/filtered_data/image_1163.png,middle
19,/content/filtered_data/image_1164.png,young
57,/content/filtered_data/image_1165.png,middle
24,/content/filtered_data/image_1166.png,middle
24,/content/filtered_data/image_1167.png,middle
30,/content/filtered_data/image_1168.png,middle
33,/content/filtered_data/image_1169.png,middle
20,/content/filtered_data/image_1170.png,middle
80,/content/filtered_data/image_1171.png,old
26,/content/filtered_data/image_1172.png,middle
4,/content/filtered_data/image_1173.png,young
20,/content/filtered_data/image_1174.png,middle
30,/content/filtered_data/image_1175.png,middle
6,/content/filtered_data/image_1176.png,young
42,/content/filtered_data/image_1177.png,middle
51,/content/filtered_data/image_1178.png,middle
28,/content/filtered_data/image_1179.png,middle
25,/content/filtered_data/image_1180.png,middle
31,/content/filtered_data/image_1181.png,middle
21,/content/filtered_data/image_1182.png,middle
58,/content/filtered_data/image_1183.png,middle
33,/content/filtered_data/image_1184.png,middle
71,/content/filtered_data/image_1185.png,old
75,/content/filtered_data/image_1186.png,old
41,/content/filtered_data/image_1187.png,middle
23,/content/filtered_data/image_1188.png,middle
20,/content/filtered_data/image_1189.png,middle
83,/content/filtered_data/image_1190.png,old
33,/content/filtered_data/image_1191.png,middle
24,/content/filtered_data/image_1192.png,middle
23,/content/filtered_data/image_1193.png,middle
42,/content/filtered_data/image_1194.png,middle
30,/content/filtered_data/image_1195.png,middle
49,/content/filtered_data/image_1196.png,middle
49,/content/filtered_data/image_1197.png,middle
24,/content/filtered_data/image_1198.png,middle
45,/content/filtered_data/image_1199.png,middle
21,/content/filtered_data/image_1200.png,middle
7,/content/filtered_data/image_1201.png,young
30,/content/filtered_data/image_1202.png,middle
1,/content/filtered_data/image_1203.png,young
40,/content/filtered_data/image_1204.png,middle
21,/content/filtered_data/image_1205.png,middle
27,/content/filtered_data/image_1206.png,middle
23,/content/filtered_data/image_1207.png,middle
70,/content/filtered_data/image_1208.png,old
43,/content/filtered_data/image_1209.png,middle
30,/content/filtered_data/image_1210.png,middle
25,/content/filtered_data/image_1211.png,middle
19,/content/filtered_data/image_1212.png,young
15,/content/filtered_data/image_1213.png,young
25,/content/filtered_data/image_1214.png,middle
29,/content/filtered_data/image_1215.png,middle
70,/content/filtered_data/image_1216.png,old
16,/content/filtered_data/image_1217.png,young
7,/content/filtered_data/image_1218.png,young
50,/content/filtered_data/image_1219.png,middle
47,/content/filtered_data/image_1220.png,middle
16,/content/filtered_data/image_1221.png,young
44,/content/filtered_data/image_1222.png,middle
42,/content/filtered_data/image_1223.png,middle
39,/content/filtered_data/image_1224.png,middle
3,/content/filtered_data/image_1225.png,young
34,/content/filtered_data/image_1226.png,middle
6,/content/filtered_data/image_1227.png,young
18,/content/filtered_data/image_1228.png,young
39,/content/filtered_data/image_1229.png,middle
35,/content/filtered_data/image_1230.png,middle
67,/content/filtered_data/image_1231.png,old
13,/content/filtered_data/image_1232.png,young
14,/content/filtered_data/image_1233.png,young
57,/content/filtered_data/image_1234.png,middle
26,/content/filtered_data/image_1235.png,middle
20,/content/filtered_data/image_1236.png,middle
24,/content/filtered_data/image_1237.png,middle
38,/content/filtered_data/image_1238.png,middle
43,/content/filtered_data/image_1239.png,middle
28,/content/filtered_data/image_1240.png,middle
40,/content/filtered_data/image_1241.png,middle
11,/content/filtered_data/image_1242.png,young
32,/content/filtered_data/image_1243.png,middle
2,/content/filtered_data/image_1244.png,young
19,/content/filtered_data/image_1245.png,young
12,/content/filtered_data/image_1246.png,young
50,/content/filtered_data/image_1247.png,middle
57,/content/filtered_data/image_1248.png,middle
63,/content/filtered_data/image_1249.png,old
26,/content/filtered_data/image_1250.png,middle
4,/content/filtered_data/image_1251.png,young
4,/content/filtered_data/image_1252.png,young
25,/content/filtered_data/image_1253.png,middle
23,/content/filtered_data/image_1254.png,middle
69,/content/filtered_data/image_1255.png,old
37,/content/filtered_data/image_1256.png,middle
34,/content/filtered_data/image_1257.png,middle
75,/content/filtered_data/image_1258.png,old
50,/content/filtered_data/image_1259.png,middle
54,/content/filtered_data/image_1260.png,middle
60,/content/filtered_data/image_1261.png,middle
17,/content/filtered_data/image_1262.png,young
37,/content/filtered_data/image_1263.png,middle
55,/content/filtered_data/image_1264.png,middle
40,/content/filtered_data/image_1265.png,middle
35,/content/filtered_data/image_1266.png,middle
25,/content/filtered_data/image_1267.png,middle
28,/content/filtered_data/image_1268.png,middle
29,/content/filtered_data/image_1269.png,middle
11,/content/filtered_data/image_1270.png,young
27,/content/filtered_data/image_1271.png,middle
22,/content/filtered_data/image_1272.png,middle
51,/content/filtered_data/image_1273.png,middle
40,/content/filtered_data/image_1274.png,middle
14,/content/filtered_data/image_1275.png,young
35,/content/filtered_data/image_1276.png,middle
17,/content/filtered_data/image_1277.png,young
17,/content/filtered_data/image_1278.png,young
23,/content/filtered_data/image_1279.png,middle
45,/content/filtered_data/image_1280.png,middle
42,/content/filtered_data/image_1281.png,middle
27,/content/filtered_data/image_1282.png,middle
23,/content/filtered_data/image_1283.png,middle
13,/content/filtered_data/image_1284.png,young
19,/content/filtered_data/image_1285.png,young
30,/content/filtered_data/image_1286.png,middle
21,/content/filtered_data/image_1287.png,middle
36,/content/filtered_data/image_1288.png,middle
22,/content/filtered_data/image_1289.png,middle
25,/content/filtered_data/image_1290.png,middle
31,/content/filtered_data/image_1291.png,middle
7,/content/filtered_data/image_1292.png,young
44,/content/filtered_data/image_1293.png,middle
45,/content/filtered_data/image_1294.png,middle
41,/content/filtered_data/image_1295.png,middle
17,/content/filtered_data/image_1296.png,young
17,/content/filtered_data/image_1297.png,young
38,/content/filtered_data/image_1298.png,middle
48,/content/filtered_data/image_1299.png,middle
33,/content/filtered_data/image_1300.png,middle
25,/content/filtered_data/image_1301.png,middle
32,/content/filtered_data/image_1302.png,middle
27,/content/filtered_data/image_1303.png,middle
18,/content/filtered_data/image_1304.png,young
60,/content/filtered_data/image_1305.png,middle
33,/content/filtered_data/image_1306.png,middle
31,/content/filtered_data/image_1307.png,middle
44,/content/filtered_data/image_1308.png,middle
5,/content/filtered_data/image_1309.png,young
36,/content/filtered_data/image_1310.png,middle
29,/content/filtered_data/image_1311.png,middle
51,/content/filtered_data/image_1312.png,middle
5,/content/filtered_data/image_1313.png,young
19,/content/filtered_data/image_1314.png,young
57,/content/filtered_data/image_1315.png,middle
1,/content/filtered_data/image_1316.png,young
16,/content/filtered_data/image_1317.png,young
48,/content/filtered_data/image_1318.png,middle
16,/content/filtered_data/image_1319.png,young
53,/content/filtered_data/image_1320.png,middle
24,/content/filtered_data/image_1321.png,middle
22,/content/filtered_data/image_1322.png,middle
23,/content/filtered_data/image_1323.png,middle
17,/content/filtered_data/image_1324.png,young
18,/content/filtered_data/image_1325.png,young
80,/content/filtered_data/image_1326.png,old
5,/content/filtered_data/image_1327.png,young
27,/content/filtered_data/image_1328.png,middle
35,/content/filtered_data/image_1329.png,middle
27,/content/filtered_data/image_1330.png,middle
22,/content/filtered_data/image_1331.png,middle
49,/content/filtered_data/image_1332.png,middle
28,/content/filtered_data/image_1333.png,middle
29,/content/filtered_data/image_1334.png,middle
24,/content/filtered_data/image_1335.png,middle
2,/content/filtered_data/image_1336.png,young
7,/content/filtered_data/image_1337.png,young
18,/content/filtered_data/image_1338.png,young
30,/content/filtered_data/image_1339.png,middle
50,/content/filtered_data/image_1340.png,middle
60,/content/filtered_data/image_1341.png,middle
25,/content/filtered_data/image_1342.png,middle
30,/content/filtered_data/image_1343.png,middle
44,/content/filtered_data/image_1344.png,middle
22,/content/filtered_data/image_1345.png,middle
59,/content/filtered_data/image_1346.png,middle
64,/content/filtered_data/image_1347.png,old
27,/content/filtered_data/image_1348.png,middle
33,/content/filtered_data/image_1349.png,middle
28,/content/filtered_data/image_1350.png,middle
24,/content/filtered_data/image_1351.png,middle
1,/content/filtered_data/image_1352.png,young
84,/content/filtered_data/image_1353.png,old
55,/content/filtered_data/image_1354.png,middle
26,/content/filtered_data/image_1355.png,middle
65,/content/filtered_data/image_1356.png,old
36,/content/filtered_data/image_1357.png,middle
38,/content/filtered_data/image_1358.png,middle
30,/content/filtered_data/image_1359.png,middle
15,/content/filtered_data/image_1360.png,young
25,/content/filtered_data/image_1361.png,middle
8,/content/filtered_data/image_1362.png,young
40,/content/filtered_data/image_1363.png,middle
4,/content/filtered_data/image_1364.png,young
37,/content/filtered_data/image_1365.png,middle
27,/content/filtered_data/image_1366.png,middle
44,/content/filtered_data/image_1367.png,middle
30,/content/filtered_data/image_1368.png,middle
45,/content/filtered_data/image_1369.png,middle
25,/content/filtered_data/image_1370.png,middle
47,/content/filtered_data/image_1371.png,middle
1,/content/filtered_data/image_1372.png,young
20,/content/filtered_data/image_1373.png,middle
20,/content/filtered_data/image_1374.png,middle
30,/content/filtered_data/image_1375.png,middle
35,/content/filtered_data/image_1376.png,middle
35,/content/filtered_data/image_1377.png,middle
50,/content/filtered_data/image_1378.png,middle
11,/content/filtered_data/image_1379.png,young
24,/content/filtered_data/image_1380.png,middle
3,/content/filtered_data/image_1381.png,young
26,/content/filtered_data/image_1382.png,middle
34,/content/filtered_data/image_1383.png,middle
36,/content/filtered_data/image_1384.png,middle
38,/content/filtered_data/image_1385.png,middle
40,/content/filtered_data/image_1386.png,middle
14,/content/filtered_data/image_1387.png,young
9,/content/filtered_data/image_1388.png,young
50,/content/filtered_data/image_1389.png,middle
27,/content/filtered_data/image_1390.png,middle
13,/content/filtered_data/image_1391.png,young
19,/content/filtered_data/image_1392.png,young
22,/content/filtered_data/image_1393.png,middle
36,/content/filtered_data/image_1394.png,middle
16,/content/filtered_data/image_1395.png,young
22,/content/filtered_data/image_1396.png,middle
25,/content/filtered_data/image_1397.png,middle
90,/content/filtered_data/image_1398.png,old
47,/content/filtered_data/image_1399.png,middle
53,/content/filtered_data/image_1400.png,middle
8,/content/filtered_data/image_1401.png,young
48,/content/filtered_data/image_1402.png,middle
25,/content/filtered_data/image_1403.png,middle
11,/content/filtered_data/image_1404.png,young
50,/content/filtered_data/image_1405.png,middle
50,/content/filtered_data/image_1406.png,middle
23,/content/filtered_data/image_1407.png,middle
18,/content/filtered_data/image_1408.png,young
27,/content/filtered_data/image_1409.png,middle
40,/content/filtered_data/image_1410.png,middle
20,/content/filtered_data/image_1411.png,middle
32,/content/filtered_data/image_1412.png,middle
30,/content/filtered_data/image_1413.png,middle
27,/content/filtered_data/image_1414.png,middle
14,/content/filtered_data/image_1415.png,young
60,/content/filtered_data/image_1416.png,middle
17,/content/filtered_data/image_1417.png,young
36,/content/filtered_data/image_1418.png,middle
28,/content/filtered_data/image_1419.png,middle
28,/content/filtered_data/image_1420.png,middle
1,/content/filtered_data/image_1421.png,young
36,/content/filtered_data/image_1422.png,middle
23,/content/filtered_data/image_1423.png,middle
9,/content/filtered_data/image_1424.png,young
8,/content/filtered_data/image_1425.png,young
80,/content/filtered_data/image_1426.png,old
2,/content/filtered_data/image_1427.png,young
22,/content/filtered_data/image_1428.png,middle
34,/content/filtered_data/image_1429.png,middle
19,/content/filtered_data/image_1430.png,young
25,/content/filtered_data/image_1431.png,middle
34,/content/filtered_data/image_1432.png,middle
6,/content/filtered_data/image_1433.png,young
3,/content/filtered_data/image_1434.png,young
19,/content/filtered_data/image_1435.png,young
52,/content/filtered_data/image_1436.png,middle
30,/content/filtered_data/image_1437.png,middle
59,/content/filtered_data/image_1438.png,middle
24,/content/filtered_data/image_1439.png,middle
59,/content/filtered_data/image_1440.png,middle
5,/content/filtered_data/image_1441.png,young
40,/content/filtered_data/image_1442.png,middle
26,/content/filtered_data/image_1443.png,middle
49,/content/filtered_data/image_1444.png,middle
23,/content/filtered_data/image_1445.png,middle
30,/content/filtered_data/image_1446.png,middle
5,/content/filtered_data/image_1447.png,young
26,/content/filtered_data/image_1448.png,middle
47,/content/filtered_data/image_1449.png,middle
27,/content/filtered_data/image_1450.png,middle
27,/content/filtered_data/image_1451.png,middle
30,/content/filtered_data/image_1452.png,middle
32,/content/filtered_data/image_1453.png,middle
10,/content/filtered_data/image_1454.png,young
17,/content/filtered_data/image_1455.png,young
6,/content/filtered_data/image_1456.png,young
47,/content/filtered_data/image_1457.png,middle
18,/content/filtered_data/image_1458.png,young
26,/content/filtered_data/image_1459.png,middle
19,/content/filtered_data/image_1460.png,young
15,/content/filtered_data/image_1461.png,young
14,/content/filtered_data/image_1462.png,young
22,/content/filtered_data/image_1463.png,middle
25,/content/filtered_data/image_1464.png,middle
31,/content/filtered_data/image_1465.png,middle
6,/content/filtered_data/image_1466.png,young
30,/content/filtered_data/image_1467.png,middle
33,/content/filtered_data/image_1468.png,middle
18,/content/filtered_data/image_1469.png,young
31,/content/filtered_data/image_1470.png,middle
14,/content/filtered_data/image_1471.png,young
1,/content/filtered_data/image_1472.png,young
35,/content/filtered_data/image_1473.png,middle
6,/content/filtered_data/image_1474.png,young
12,/content/filtered_data/image_1475.png,young
40,/content/filtered_data/image_1476.png,middle
44,/content/filtered_data/image_1477.png,middle
70,/content/filtered_data/image_1478.png,old
28,/content/filtered_data/image_1479.png,middle
30,/content/filtered_data/image_1480.png,middle
37,/content/filtered_data/image_1481.png,middle
29,/content/filtered_data/image_1482.png,middle
17,/content/filtered_data/image_1483.png,young
43,/content/filtered_data/image_1484.png,middle
42,/content/filtered_data/image_1485.png,middle
25,/content/filtered_data/image_1486.png,middle
8,/content/filtered_data/image_1487.png,young
32,/content/filtered_data/image_1488.png,middle
13,/content/filtered_data/image_1489.png,young
30,/content/filtered_data/image_1490.png,middle
25,/content/filtered_data/image_1491.png,middle
70,/content/filtered_data/image_1492.png,old
16,/content/filtered_data/image_1493.png,young
60,/content/filtered_data/image_1494.png,middle
20,/content/filtered_data/image_1495.png,middle
20,/content/filtered_data/image_1496.png,middle
16,/content/filtered_data/image_1497.png,young
65,/content/filtered_data/image_1498.png,old
23,/content/filtered_data/image_1499.png,middle
60,/content/filtered_data/image_1500.png,middle
44,/content/filtered_data/image_1501.png,middle
73,/content/filtered_data/image_1502.png,old
9,/content/filtered_data/image_1503.png,young
30,/content/filtered_data/image_1504.png,middle
28,/content/filtered_data/image_1505.png,middle
30,/content/filtered_data/image_1506.png,middle
25,/content/filtered_data/image_1507.png,middle
23,/content/filtered_data/image_1508.png,middle
30,/content/filtered_data/image_1509.png,middle
25,/content/filtered_data/image_1510.png,middle
38,/content/filtered_data/image_1511.png,middle
25,/content/filtered_data/image_1512.png,middle
57,/content/filtered_data/image_1513.png,middle
32,/content/filtered_data/image_1514.png,middle
25,/content/filtered_data/image_1515.png,middle
42,/content/filtered_data/image_1516.png,middle
25,/content/filtered_data/image_1517.png,middle
30,/content/filtered_data/image_1518.png,middle
50,/content/filtered_data/image_1519.png,middle
48,/content/filtered_data/image_1520.png,middle
32,/content/filtered_data/image_1521.png,middle
36,/content/filtered_data/image_1522.png,middle
32,/content/filtered_data/image_1523.png,middle
84,/content/filtered_data/image_1524.png,old
44,/content/filtered_data/image_1525.png,middle
24,/content/filtered_data/image_1526.png,middle
58,/content/filtered_data/image_1527.png,middle
29,/content/filtered_data/image_1528.png,middle
37,/content/filtered_data/image_1529.png,middle
34,/content/filtered_data/image_1530.png,middle
23,/content/filtered_data/image_1531.png,middle
5,/content/filtered_data/image_1532.png,young
16,/content/filtered_data/image_1533.png,young
39,/content/filtered_data/image_1534.png,middle
6,/content/filtered_data/image_1535.png,young
28,/content/filtered_data/image_1536.png,middle
60,/content/filtered_data/image_1537.png,middle
45,/content/filtered_data/image_1538.png,middle
37,/content/filtered_data/image_1539.png,middle
25,/content/filtered_data/image_1540.png,middle
21,/content/filtered_data/image_1541.png,middle
19,/content/filtered_data/image_1542.png,young
30,/content/filtered_data/image_1543.png,middle
31,/content/filtered_data/image_1544.png,middle
43,/content/filtered_data/image_1545.png,middle
35,/content/filtered_data/image_1546.png,middle
18,/content/filtered_data/image_1547.png,young
50,/content/filtered_data/image_1548.png,middle
55,/content/filtered_data/image_1549.png,middle
13,/content/filtered_data/image_1550.png,young
30,/content/filtered_data/image_1551.png,middle
55,/content/filtered_data/image_1552.png,middle
60,/content/filtered_data/image_1553.png,middle
26,/content/filtered_data/image_1554.png,middle
9,/content/filtered_data/image_1555.png,young
7,/content/filtered_data/image_1556.png,young
21,/content/filtered_data/image_1557.png,middle
15,/content/filtered_data/image_1558.png,young
37,/content/filtered_data/image_1559.png,middle
35,/content/filtered_data/image_1560.png,middle
40,/content/filtered_data/image_1561.png,middle
30,/content/filtered_data/image_1562.png,middle
38,/content/filtered_data/image_1563.png,middle
37,/content/filtered_data/image_1564.png,middle
27,/content/filtered_data/image_1565.png,middle
50,/content/filtered_data/image_1566.png,middle
25,/content/filtered_data/image_1567.png,middle
29,/content/filtered_data/image_1568.png,middle
27,/content/filtered_data/image_1569.png,middle
13,/content/filtered_data/image_1570.png,young
23,/content/filtered_data/image_1571.png,middle
44,/content/filtered_data/image_1572.png,middle
15,/content/filtered_data/image_1573.png,young
25,/content/filtered_data/image_1574.png,middle
13,/content/filtered_data/image_1575.png,young
24,/content/filtered_data/image_1576.png,middle
13,/content/filtered_data/image_1577.png,young
25,/content/filtered_data/image_1578.png,middle
1,/content/filtered_data/image_1579.png,young
54,/content/filtered_data/image_1580.png,middle
12,/content/filtered_data/image_1581.png,young
22,/content/filtered_data/image_1582.png,middle
19,/content/filtered_data/image_1583.png,young
25,/content/filtered_data/image_1584.png,middle
28,/content/filtered_data/image_1585.png,middle
27,/content/filtered_data/image_1586.png,middle
5,/content/filtered_data/image_1587.png,young
28,/content/filtered_data/image_1588.png,middle
13,/content/filtered_data/image_1589.png,young
57,/content/filtered_data/image_1590.png,middle
29,/content/filtered_data/image_1591.png,middle
50,/content/filtered_data/image_1592.png,middle
8,/content/filtered_data/image_1593.png,young
38,/content/filtered_data/image_1594.png,middle
35,/content/filtered_data/image_1595.png,middle
24,/content/filtered_data/image_1596.png,middle
41,/content/filtered_data/image_1597.png,middle
22,/content/filtered_data/image_1598.png,middle
58,/content/filtered_data/image_1599.png,middle
32,/content/filtered_data/image_1600.png,middle
57,/content/filtered_data/image_1601.png,middle
38,/content/filtered_data/image_1602.png,middle
2,/content/filtered_data/image_1603.png,young
51,/content/filtered_data/image_1604.png,middle
15,/content/filtered_data/image_1605.png,young
19,/content/filtered_data/image_1606.png,young
23,/content/filtered_data/image_1607.png,middle
20,/content/filtered_data/image_1608.png,middle
20,/content/filtered_data/image_1609.png,middle
45,/content/filtered_data/image_1610.png,middle
21,/content/filtered_data/image_1611.png,middle
28,/content/filtered_data/image_1612.png,middle
26,/content/filtered_data/image_1613.png,middle
4,/content/filtered_data/image_1614.png,young
23,/content/filtered_data/image_1615.png,middle
28,/content/filtered_data/image_1616.png,middle
26,/content/filtered_data/image_1617.png,middle
36,/content/filtered_data/image_1618.png,middle
27,/content/filtered_data/image_1619.png,middle
31,/content/filtered_data/image_1620.png,middle
31,/content/filtered_data/image_1621.png,middle
25,/content/filtered_data/image_1622.png,middle
29,/content/filtered_data/image_1623.png,middle
20,/content/filtered_data/image_1624.png,middle
28,/content/filtered_data/image_1625.png,middle
46,/content/filtered_data/image_1626.png,middle
31,/content/filtered_data/image_1627.png,middle
38,/content/filtered_data/image_1628.png,middle
20,/content/filtered_data/image_1629.png,middle
30,/content/filtered_data/image_1630.png,middle
90,/content/filtered_data/image_1631.png,old
24,/content/filtered_data/image_1632.png,middle
11,/content/filtered_data/image_1633.png,young
35,/content/filtered_data/image_1634.png,middle
14,/content/filtered_data/image_1635.png,young
22,/content/filtered_data/image_1636.png,middle
10,/content/filtered_data/image_1637.png,young
34,/content/filtered_data/image_1638.png,middle
27,/content/filtered_data/image_1639.png,middle
5,/content/filtered_data/image_1640.png,young
20,/content/filtered_data/image_1641.png,middle
4,/content/filtered_data/image_1642.png,young
21,/content/filtered_data/image_1643.png,middle
36,/content/filtered_data/image_1644.png,middle
60,/content/filtered_data/image_1645.png,middle
34,/content/filtered_data/image_1646.png,middle
41,/content/filtered_data/image_1647.png,middle
22,/content/filtered_data/image_1648.png,middle
21,/content/filtered_data/image_1649.png,middle
49,/content/filtered_data/image_1650.png,middle
21,/content/filtered_data/image_1651.png,middle
41,/content/filtered_data/image_1652.png,middle
1,/content/filtered_data/image_1653.png,young
57,/content/filtered_data/image_1654.png,middle
15,/content/filtered_data/image_1655.png,young
17,/content/filtered_data/image_1656.png,young
15,/content/filtered_data/image_1657.png,young
39,/content/filtered_data/image_1658.png,middle
23,/content/filtered_data/image_1659.png,middle
23,/content/filtered_data/image_1660.png,middle
30,/content/filtered_data/image_1661.png,middle
26,/content/filtered_data/image_1662.png,middle
33,/content/filtered_data/image_1663.png,middle
33,/content/filtered_data/image_1664.png,middle
20,/content/filtered_data/image_1665.png,middle
26,/content/filtered_data/image_1666.png,middle
24,/content/filtered_data/image_1667.png,middle
23,/content/filtered_data/image_1668.png,middle
59,/content/filtered_data/image_1669.png,middle
52,/content/filtered_data/image_1670.png,middle
40,/content/filtered_data/image_1671.png,middle
45,/content/filtered_data/image_1672.png,middle
50,/content/filtered_data/image_1673.png,middle
46,/content/filtered_data/image_1674.png,middle
4,/content/filtered_data/image_1675.png,young
11,/content/filtered_data/image_1676.png,young
87,/content/filtered_data/image_1677.png,old
44,/content/filtered_data/image_1678.png,middle
66,/content/filtered_data/image_1679.png,old
40,/content/filtered_data/image_1680.png,middle
30,/content/filtered_data/image_1681.png,middle
30,/content/filtered_data/image_1682.png,middle
1,/content/filtered_data/image_1683.png,young
50,/content/filtered_data/image_1684.png,middle
23,/content/filtered_data/image_1685.png,middle
1,/content/filtered_data/image_1686.png,young
23,/content/filtered_data/image_1687.png,middle
24,/content/filtered_data/image_1688.png,middle
27,/content/filtered_data/image_1689.png,middle
24,/content/filtered_data/image_1690.png,middle
42,/content/filtered_data/image_1691.png,middle
17,/content/filtered_data/image_1692.png,young
38,/content/filtered_data/image_1693.png,middle
14,/content/filtered_data/image_1694.png,young
14,/content/filtered_data/image_1695.png,young
82,/content/filtered_data/image_1696.png,old
25,/content/filtered_data/image_1697.png,middle
15,/content/filtered_data/image_1698.png,young
26,/content/filtered_data/image_1699.png,middle
32,/content/filtered_data/image_1700.png,middle
50,/content/filtered_data/image_1701.png,middle
86,/content/filtered_data/image_1702.png,old
37,/content/filtered_data/image_1703.png,middle
32,/content/filtered_data/image_1704.png,middle
32,/content/filtered_data/image_1705.png,middle
20,/content/filtered_data/image_1706.png,middle
40,/content/filtered_data/image_1707.png,middle
22,/content/filtered_data/image_1708.png,middle
30,/content/filtered_data/image_1709.png,middle
22,/content/filtered_data/image_1710.png,middle
40,/content/filtered_data/image_1711.png,middle
40,/content/filtered_data/image_1712.png,middle
25,/content/filtered_data/image_1713.png,middle
37,/content/filtered_data/image_1714.png,middle
70,/content/filtered_data/image_1715.png,old
1,/content/filtered_data/image_1716.png,young
18,/content/filtered_data/image_1717.png,young
36,/content/filtered_data/image_1718.png,middle
7,/content/filtered_data/image_1719.png,young
57,/content/filtered_data/image_1720.png,middle
19,/content/filtered_data/image_1721.png,young
38,/content/filtered_data/image_1722.png,middle
66,/content/filtered_data/image_1723.png,old
26,/content/filtered_data/image_1724.png,middle
27,/content/filtered_data/image_1725.png,middle
24,/content/filtered_data/image_1726.png,middle
2,/content/filtered_data/image_1727.png,young
50,/content/filtered_data/image_1728.png,middle
31,/content/filtered_data/image_1729.png,middle
29,/content/filtered_data/image_1730.png,middle
43,/content/filtered_data/image_1731.png,middle
19,/content/filtered_data/image_1732.png,young
34,/content/filtered_data/image_1733.png,middle
29,/content/filtered_data/image_1734.png,middle
25,/content/filtered_data/image_1735.png,middle
36,/content/filtered_data/image_1736.png,middle
27,/content/filtered_data/image_1737.png,middle
15,/content/filtered_data/image_1738.png,young
27,/content/filtered_data/image_1739.png,middle
50,/content/filtered_data/image_1740.png,middle
7,/content/filtered_data/image_1741.png,young
46,/content/filtered_data/image_1742.png,middle
31,/content/filtered_data/image_1743.png,middle
2,/content/filtered_data/image_1744.png,young
25,/content/filtered_data/image_1745.png,middle
33,/content/filtered_data/image_1746.png,middle
1,/content/filtered_data/image_1747.png,young
28,/content/filtered_data/image_1748.png,middle
37,/content/filtered_data/image_1749.png,middle
14,/content/filtered_data/image_1750.png,young
7,/content/filtered_data/image_1751.png,young
32,/content/filtered_data/image_1752.png,middle
42,/content/filtered_data/image_1753.png,middle
54,/content/filtered_data/image_1754.png,middle
48,/content/filtered_data/image_1755.png,middle
40,/content/filtered_data/image_1756.png,middle
46,/content/filtered_data/image_1757.png,middle
22,/content/filtered_data/image_1758.png,middle
26,/content/filtered_data/image_1759.png,middle
45,/content/filtered_data/image_1760.png,middle
43,/content/filtered_data/image_1761.png,middle
43,/content/filtered_data/image_1762.png,middle
23,/content/filtered_data/image_1763.png,middle
12,/content/filtered_data/image_1764.png,young
41,/content/filtered_data/image_1765.png,middle
35,/content/filtered_data/image_1766.png,middle
29,/content/filtered_data/image_1767.png,middle
40,/content/filtered_data/image_1768.png,middle
22,/content/filtered_data/image_1769.png,middle
24,/content/filtered_data/image_1770.png,middle
30,/content/filtered_data/image_1771.png,middle
1,/content/filtered_data/image_1772.png,young
29,/content/filtered_data/image_1773.png,middle
53,/content/filtered_data/image_1774.png,middle
52,/content/filtered_data/image_1775.png,middle
46,/content/filtered_data/image_1776.png,middle
50,/content/filtered_data/image_1777.png,middle
18,/content/filtered_data/image_1778.png,young
22,/content/filtered_data/image_1779.png,middle
40,/content/filtered_data/image_1780.png,middle
60,/content/filtered_data/image_1781.png,middle
37,/content/filtered_data/image_1782.png,middle
29,/content/filtered_data/image_1783.png,middle
14,/content/filtered_data/image_1784.png,young
23,/content/filtered_data/image_1785.png,middle
51,/content/filtered_data/image_1786.png,middle
28,/content/filtered_data/image_1787.png,middle
27,/content/filtered_data/image_1788.png,middle
27,/content/filtered_data/image_1789.png,middle
37,/content/filtered_data/image_1790.png,middle
26,/content/filtered_data/image_1791.png,middle
33,/content/filtered_data/image_1792.png,middle
20,/content/filtered_data/image_1793.png,middle
27,/content/filtered_data/image_1794.png,middle
54,/content/filtered_data/image_1795.png,middle
32,/content/filtered_data/image_1796.png,middle
19,/content/filtered_data/image_1797.png,young
30,/content/filtered_data/image_1798.png,middle
27,/content/filtered_data/image_1799.png,middle
24,/content/filtered_data/image_1800.png,middle
34,/content/filtered_data/image_1801.png,middle
28,/content/filtered_data/image_1802.png,middle
2,/content/filtered_data/image_1803.png,young
50,/content/filtered_data/image_1804.png,middle
49,/content/filtered_data/image_1805.png,middle
30,/content/filtered_data/image_1806.png,middle
44,/content/filtered_data/image_1807.png,middle
38,/content/filtered_data/image_1808.png,middle
2,/content/filtered_data/image_1809.png,young
22,/content/filtered_data/image_1810.png,middle
16,/content/filtered_data/image_1811.png,young
31,/content/filtered_data/image_1812.png,middle
47,/content/filtered_data/image_1813.png,middle
1,/content/filtered_data/image_1814.png,young
60,/content/filtered_data/image_1815.png,middle
90,/content/filtered_data/image_1816.png,old
39,/content/filtered_data/image_1817.png,middle
20,/content/filtered_data/image_1818.png,middle
52,/content/filtered_data/image_1819.png,middle
11,/content/filtered_data/image_1820.png,young
16,/content/filtered_data/image_1821.png,young
28,/content/filtered_data/image_1822.png,middle
17,/content/filtered_data/image_1823.png,young
38,/content/filtered_data/image_1824.png,middle
59,/content/filtered_data/image_1825.png,middle
13,/content/filtered_data/image_1826.png,young
37,/content/filtered_data/image_1827.png,middle
61,/content/filtered_data/image_1828.png,old
15,/content/filtered_data/image_1829.png,young
28,/content/filtered_data/image_1830.png,middle
20,/content/filtered_data/image_1831.png,middle
53,/content/filtered_data/image_1832.png,middle
60,/content/filtered_data/image_1833.png,middle
11,/content/filtered_data/image_1834.png,young
50,/content/filtered_data/image_1835.png,middle
4,/content/filtered_data/image_1836.png,young
31,/content/filtered_data/image_1837.png,middle
57,/content/filtered_data/image_1838.png,middle
30,/content/filtered_data/image_1839.png,middle
34,/content/filtered_data/image_1840.png,middle
36,/content/filtered_data/image_1841.png,middle
40,/content/filtered_data/image_1842.png,middle
36,/content/filtered_data/image_1843.png,middle
38,/content/filtered_data/image_1844.png,middle
37,/content/filtered_data/image_1845.png,middle
4,/content/filtered_data/image_1846.png,young
6,/content/filtered_data/image_1847.png,young
32,/content/filtered_data/image_1848.png,middle
7,/content/filtered_data/image_1849.png,young
35,/content/filtered_data/image_1850.png,middle
53,/content/filtered_data/image_1851.png,middle
38,/content/filtered_data/image_1852.png,middle
14,/content/filtered_data/image_1853.png,young
40,/content/filtered_data/image_1854.png,middle
4,/content/filtered_data/image_1855.png,young
22,/content/filtered_data/image_1856.png,middle
20,/content/filtered_data/image_1857.png,middle
26,/content/filtered_data/image_1858.png,middle
17,/content/filtered_data/image_1859.png,young
40,/content/filtered_data/image_1860.png,middle
32,/content/filtered_data/image_1861.png,middle
15,/content/filtered_data/image_1862.png,young
28,/content/filtered_data/image_1863.png,middle
28,/content/filtered_data/image_1864.png,middle
22,/content/filtered_data/image_1865.png,middle
26,/content/filtered_data/image_1866.png,middle
22,/content/filtered_data/image_1867.png,middle
43,/content/filtered_data/image_1868.png,middle
61,/content/filtered_data/image_1869.png,old
26,/content/filtered_data/image_1870.png,middle
22,/content/filtered_data/image_1871.png,middle
42,/content/filtered_data/image_1872.png,middle
30,/content/filtered_data/image_1873.png,middle
21,/content/filtered_data/image_1874.png,middle
75,/content/filtered_data/image_1875.png,old
26,/content/filtered_data/image_1876.png,middle
42,/content/filtered_data/image_1877.png,middle
25,/content/filtered_data/image_1878.png,middle
42,/content/filtered_data/image_1879.png,middle
23,/content/filtered_data/image_1880.png,middle
29,/content/filtered_data/image_1881.png,middle
13,/content/filtered_data/image_1882.png,young
23,/content/filtered_data/image_1883.png,middle
25,/content/filtered_data/image_1884.png,middle
30,/content/filtered_data/image_1885.png,middle
11,/content/filtered_data/image_1886.png,young
15,/content/filtered_data/image_1887.png,young
16,/content/filtered_data/image_1888.png,young
43,/content/filtered_data/image_1889.png,middle
30,/content/filtered_data/image_1890.png,middle
18,/content/filtered_data/image_1891.png,young
27,/content/filtered_data/image_1892.png,middle
17,/content/filtered_data/image_1893.png,young
27,/content/filtered_data/image_1894.png,middle
11,/content/filtered_data/image_1895.png,young
17,/content/filtered_data/image_1896.png,young
28,/content/filtered_data/image_1897.png,middle
32,/content/filtered_data/image_1898.png,middle
59,/content/filtered_data/image_1899.png,middle
9,/content/filtered_data/image_1900.png,young
33,/content/filtered_data/image_1901.png,middle
30,/content/filtered_data/image_1902.png,middle
35,/content/filtered_data/image_1903.png,middle
24,/content/filtered_data/image_1904.png,middle
50,/content/filtered_data/image_1905.png,middle
8,/content/filtered_data/image_1906.png,young
27,/content/filtered_data/image_1907.png,middle
48,/content/filtered_data/image_1908.png,middle
9,/content/filtered_data/image_1909.png,young
30,/content/filtered_data/image_1910.png,middle
53,/content/filtered_data/image_1911.png,middle
17,/content/filtered_data/image_1912.png,young
55,/content/filtered_data/image_1913.png,middle
12,/content/filtered_data/image_1914.png,young
26,/content/filtered_data/image_1915.png,middle
45,/content/filtered_data/image_1916.png,middle
47,/content/filtered_data/image_1917.png,middle
17,/content/filtered_data/image_1918.png,young
16,/content/filtered_data/image_1919.png,young
1,/content/filtered_data/image_1920.png,young
30,/content/filtered_data/image_1921.png,middle
43,/content/filtered_data/image_1922.png,middle
13,/content/filtered_data/image_1923.png,young
57,/content/filtered_data/image_1924.png,middle
33,/content/filtered_data/image_1925.png,middle
19,/content/filtered_data/image_1926.png,young
51,/content/filtered_data/image_1927.png,middle
24,/content/filtered_data/image_1928.png,middle
44,/content/filtered_data/image_1929.png,middle
14,/content/filtered_data/image_1930.png,young
27,/content/filtered_data/image_1931.png,middle
32,/content/filtered_data/image_1932.png,middle
19,/content/filtered_data/image_1933.png,young
25,/content/filtered_data/image_1934.png,middle
34,/content/filtered_data/image_1935.png,middle
59,/content/filtered_data/image_1936.png,middle
35,/content/filtered_data/image_1937.png,middle
29,/content/filtered_data/image_1938.png,middle
30,/content/filtered_data/image_1939.png,middle
27,/content/filtered_data/image_1940.png,middle
22,/content/filtered_data/image_1941.png,middle
30,/content/filtered_data/image_1942.png,middle
80,/content/filtered_data/image_1943.png,old
32,/content/filtered_data/image_1944.png,middle
26,/content/filtered_data/image_1945.png,middle
24,/content/filtered_data/image_1946.png,middle
16,/content/filtered_data/image_1947.png,young
4,/content/filtered_data/image_1948.png,young
55,/content/filtered_data/image_1949.png,middle
20,/content/filtered_data/image_1950.png,middle
1,/content/filtered_data/image_1951.png,young
64,/content/filtered_data/image_1952.png,old
38,/content/filtered_data/image_1953.png,middle
6,/content/filtered_data/image_1954.png,young
37,/content/filtered_data/image_1955.png,middle
43,/content/filtered_data/image_1956.png,middle
27,/content/filtered_data/image_1957.png,middle
21,/content/filtered_data/image_1958.png,middle
30,/content/filtered_data/image_1959.png,middle
36,/content/filtered_data/image_1960.png,middle
27,/content/filtered_data/image_1961.png,middle
31,/content/filtered_data/image_1962.png,middle
70,/content/filtered_data/image_1963.png,old
15,/content/filtered_data/image_1964.png,young
20,/content/filtered_data/image_1965.png,middle
26,/content/filtered_data/image_1966.png,middle
31,/content/filtered_data/image_1967.png,middle
16,/content/filtered_data/image_1968.png,young
5,/content/filtered_data/image_1969.png,young
17,/content/filtered_data/image_1970.png,young
27,/content/filtered_data/image_1971.png,middle
30,/content/filtered_data/image_1972.png,middle
58,/content/filtered_data/image_1973.png,middle
20,/content/filtered_data/image_1974.png,middle
27,/content/filtered_data/image_1975.png,middle
24,/content/filtered_data/image_1976.png,middle
70,/content/filtered_data/image_1977.png,old
49,/content/filtered_data/image_1978.png,middle
55,/content/filtered_data/image_1979.png,middle
25,/content/filtered_data/image_1980.png,middle
20,/content/filtered_data/image_1981.png,middle
30,/content/filtered_data/image_1982.png,middle
59,/content/filtered_data/image_1983.png,middle
61,/content/filtered_data/image_1984.png,old
25,/content/filtered_data/image_1985.png,middle
42,/content/filtered_data/image_1986.png,middle
30,/content/filtered_data/image_1987.png,middle
27,/content/filtered_data/image_1988.png,middle
37,/content/filtered_data/image_1989.png,middle
14,/content/filtered_data/image_1990.png,young
14,/content/filtered_data/image_1991.png,young
19,/content/filtered_data/image_1992.png,young
24,/content/filtered_data/image_1993.png,middle
20,/content/filtered_data/image_1994.png,middle
13,/content/filtered_data/image_1995.png,young
33,/content/filtered_data/image_1996.png,middle
11,/content/filtered_data/image_1997.png,young
38,/content/filtered_data/image_1998.png,middle
23,/content/filtered_data/image_1999.png,middle
36,/content/filtered_data/image_2000.png,middle
23,/content/filtered_data/image_2001.png,middle
16,/content/filtered_data/image_2002.png,young
18,/content/filtered_data/image_2003.png,young
23,/content/filtered_data/image_2004.png,middle
60,/content/filtered_data/image_2005.png,middle
58,/content/filtered_data/image_2006.png,middle
32,/content/filtered_data/image_2007.png,middle
11,/content/filtered_data/image_2008.png,young
31,/content/filtered_data/image_2009.png,middle
33,/content/filtered_data/image_2010.png,middle
17,/content/filtered_data/image_2011.png,young
40,/content/filtered_data/image_2012.png,middle
18,/content/filtered_data/image_2013.png,young
14,/content/filtered_data/image_2014.png,young
14,/content/filtered_data/image_2015.png,young
50,/content/filtered_data/image_2016.png,middle
23,/content/filtered_data/image_2017.png,middle
27,/content/filtered_data/image_2018.png,middle
2,/content/filtered_data/image_2019.png,young
68,/content/filtered_data/image_2020.png,old
65,/content/filtered_data/image_2021.png,old
31,/content/filtered_data/image_2022.png,middle
25,/content/filtered_data/image_2023.png,middle
33,/content/filtered_data/image_2024.png,middle
45,/content/filtered_data/image_2025.png,middle
18,/content/filtered_data/image_2026.png,young
39,/content/filtered_data/image_2027.png,middle
21,/content/filtered_data/image_2028.png,middle
23,/content/filtered_data/image_2029.png,middle
20,/content/filtered_data/image_2030.png,middle
68,/content/filtered_data/image_2031.png,old
43,/content/filtered_data/image_2032.png,middle
27,/content/filtered_data/image_2033.png,middle
29,/content/filtered_data/image_2034.png,middle
70,/content/filtered_data/image_2035.png,old
23,/content/filtered_data/image_2036.png,middle
29,/content/filtered_data/image_2037.png,middle
40,/content/filtered_data/image_2038.png,middle
37,/content/filtered_data/image_2039.png,middle
58,/content/filtered_data/image_2040.png,middle
10,/content/filtered_data/image_2041.png,young
11,/content/filtered_data/image_2042.png,young
12,/content/filtered_data/image_2043.png,young
80,/content/filtered_data/image_2044.png,old
20,/content/filtered_data/image_2045.png,middle
20,/content/filtered_data/image_2046.png,middle
34,/content/filtered_data/image_2047.png,middle
25,/content/filtered_data/image_2048.png,middle
34,/content/filtered_data/image_2049.png,middle
46,/content/filtered_data/image_2050.png,middle
44,/content/filtered_data/image_2051.png,middle
5,/content/filtered_data/image_2052.png,young
26,/content/filtered_data/image_2053.png,middle
1,/content/filtered_data/image_2054.png,young
26,/content/filtered_data/image_2055.png,middle
24,/content/filtered_data/image_2056.png,middle
16,/content/filtered_data/image_2057.png,young
2,/content/filtered_data/image_2058.png,young
19,/content/filtered_data/image_2059.png,young
10,/content/filtered_data/image_2060.png,young
58,/content/filtered_data/image_2061.png,middle
27,/content/filtered_data/image_2062.png,middle
32,/content/filtered_data/image_2063.png,middle
22,/content/filtered_data/image_2064.png,middle
45,/content/filtered_data/image_2065.png,middle
43,/content/filtered_data/image_2066.png,middle
30,/content/filtered_data/image_2067.png,middle
1,/content/filtered_data/image_2068.png,young
23,/content/filtered_data/image_2069.png,middle
23,/content/filtered_data/image_2070.png,middle
40,/content/filtered_data/image_2071.png,middle
43,/content/filtered_data/image_2072.png,middle
15,/content/filtered_data/image_2073.png,young
65,/content/filtered_data/image_2074.png,old
41,/content/filtered_data/image_2075.png,middle
5,/content/filtered_data/image_2076.png,young
50,/content/filtered_data/image_2077.png,middle
20,/content/filtered_data/image_2078.png,middle
52,/content/filtered_data/image_2079.png,middle
19,/content/filtered_data/image_2080.png,young
15,/content/filtered_data/image_2081.png,young
25,/content/filtered_data/image_2082.png,middle
54,/content/filtered_data/image_2083.png,middle
10,/content/filtered_data/image_2084.png,young
45,/content/filtered_data/image_2085.png,middle
21,/content/filtered_data/image_2086.png,middle
50,/content/filtered_data/image_2087.png,middle
36,/content/filtered_data/image_2088.png,middle
30,/content/filtered_data/image_2089.png,middle
51,/content/filtered_data/image_2090.png,middle
19,/content/filtered_data/image_2091.png,young
36,/content/filtered_data/image_2092.png,middle
50,/content/filtered_data/image_2093.png,middle
29,/content/filtered_data/image_2094.png,middle
14,/content/filtered_data/image_2095.png,young
46,/content/filtered_data/image_2096.png,middle
13,/content/filtered_data/image_2097.png,young
5,/content/filtered_data/image_2098.png,young
6,/content/filtered_data/image_2099.png,young
37,/content/filtered_data/image_2100.png,middle
56,/content/filtered_data/image_2101.png,middle
26,/content/filtered_data/image_2102.png,middle
4,/content/filtered_data/image_2103.png,young
1,/content/filtered_data/image_2104.png,young
30,/content/filtered_data/image_2105.png,middle
29,/content/filtered_data/image_2106.png,middle
51,/content/filtered_data/image_2107.png,middle
38,/content/filtered_data/image_2108.png,middle
46,/content/filtered_data/image_2109.png,middle
21,/content/filtered_data/image_2110.png,middle
8,/content/filtered_data/image_2111.png,young
25,/content/filtered_data/image_2112.png,middle
30,/content/filtered_data/image_2113.png,middle
44,/content/filtered_data/image_2114.png,middle
15,/content/filtered_data/image_2115.png,young
43,/content/filtered_data/image_2116.png,middle
40,/content/filtered_data/image_2117.png,middle
60,/content/filtered_data/image_2118.png,middle
17,/content/filtered_data/image_2119.png,young
37,/content/filtered_data/image_2120.png,middle
16,/content/filtered_data/image_2121.png,young
4,/content/filtered_data/image_2122.png,young
36,/content/filtered_data/image_2123.png,middle
30,/content/filtered_data/image_2124.png,middle
26,/content/filtered_data/image_2125.png,middle
30,/content/filtered_data/image_2126.png,middle
71,/content/filtered_data/image_2127.png,old
17,/content/filtered_data/image_2128.png,young
26,/content/filtered_data/image_2129.png,middle
50,/content/filtered_data/image_2130.png,middle
24,/content/filtered_data/image_2131.png,middle
67,/content/filtered_data/image_2132.png,old
40,/content/filtered_data/image_2133.png,middle
62,/content/filtered_data/image_2134.png,old
31,/content/filtered_data/image_2135.png,middle
25,/content/filtered_data/image_2136.png,middle
19,/content/filtered_data/image_2137.png,young
31,/content/filtered_data/image_2138.png,middle
38,/content/filtered_data/image_2139.png,middle
15,/content/filtered_data/image_2140.png,young
41,/content/filtered_data/image_2141.png,middle
25,/content/filtered_data/image_2142.png,middle
32,/content/filtered_data/image_2143.png,middle
28,/content/filtered_data/image_2144.png,middle
19,/content/filtered_data/image_2145.png,young
32,/content/filtered_data/image_2146.png,middle
31,/content/filtered_data/image_2147.png,middle
6,/content/filtered_data/image_2148.png,young
62,/content/filtered_data/image_2149.png,old
21,/content/filtered_data/image_2150.png,middle
55,/content/filtered_data/image_2151.png,middle
15,/content/filtered_data/image_2152.png,young
29,/content/filtered_data/image_2153.png,middle
4,/content/filtered_data/image_2154.png,young
16,/content/filtered_data/image_2155.png,young
16,/content/filtered_data/image_2156.png,young
56,/content/filtered_data/image_2157.png,middle
39,/content/filtered_data/image_2158.png,middle
45,/content/filtered_data/image_2159.png,middle
28,/content/filtered_data/image_2160.png,middle
18,/content/filtered_data/image_2161.png,young
28,/content/filtered_data/image_2162.png,middle
19,/content/filtered_data/image_2163.png,young
22,/content/filtered_data/image_2164.png,middle
19,/content/filtered_data/image_2165.png,young
37,/content/filtered_data/image_2166.png,middle
18,/content/filtered_data/image_2167.png,young
50,/content/filtered_data/image_2168.png,middle
49,/content/filtered_data/image_2169.png,middle
27,/content/filtered_data/image_2170.png,middle
21,/content/filtered_data/image_2171.png,middle
14,/content/filtered_data/image_2172.png,young
19,/content/filtered_data/image_2173.png,young
29,/content/filtered_data/image_2174.png,middle
26,/content/filtered_data/image_2175.png,middle
19,/content/filtered_data/image_2176.png,young
2,/content/filtered_data/image_2177.png,young
85,/content/filtered_data/image_2178.png,old
30,/content/filtered_data/image_2179.png,middle
32,/content/filtered_data/image_2180.png,middle
36,/content/filtered_data/image_2181.png,middle
50,/content/filtered_data/image_2182.png,middle
10,/content/filtered_data/image_2183.png,young
28,/content/filtered_data/image_2184.png,middle
29,/content/filtered_data/image_2185.png,middle
20,/content/filtered_data/image_2186.png,middle
23,/content/filtered_data/image_2187.png,middle
49,/content/filtered_data/image_2188.png,middle
16,/content/filtered_data/image_2189.png,young
48,/content/filtered_data/image_2190.png,middle
30,/content/filtered_data/image_2191.png,middle
39,/content/filtered_data/image_2192.png,middle
49,/content/filtered_data/image_2193.png,middle
19,/content/filtered_data/image_2194.png,young
43,/content/filtered_data/image_2195.png,middle
64,/content/filtered_data/image_2196.png,old
21,/content/filtered_data/image_2197.png,middle
30,/content/filtered_data/image_2198.png,middle
26,/content/filtered_data/image_2199.png,middle
24,/content/filtered_data/image_2200.png,middle
19,/content/filtered_data/image_2201.png,young
35,/content/filtered_data/image_2202.png,middle
65,/content/filtered_data/image_2203.png,old
5,/content/filtered_data/image_2204.png,young
21,/content/filtered_data/image_2205.png,middle
13,/content/filtered_data/image_2206.png,young
13,/content/filtered_data/image_2207.png,young
18,/content/filtered_data/image_2208.png,young
17,/content/filtered_data/image_2209.png,young
11,/content/filtered_data/image_2210.png,young
37,/content/filtered_data/image_2211.png,middle
25,/content/filtered_data/image_2212.png,middle
34,/content/filtered_data/image_2213.png,middle
34,/content/filtered_data/image_2214.png,middle
42,/content/filtered_data/image_2215.png,middle
42,/content/filtered_data/image_2216.png,middle
28,/content/filtered_data/image_2217.png,middle
42,/content/filtered_data/image_2218.png,middle
27,/content/filtered_data/image_2219.png,middle
27,/content/filtered_data/image_2220.png,middle
14,/content/filtered_data/image_2221.png,young
23,/content/filtered_data/image_2222.png,middle
24,/content/filtered_data/image_2223.png,middle
30,/content/filtered_data/image_2224.png,middle
46,/content/filtered_data/image_2225.png,middle
66,/content/filtered_data/image_2226.png,old
46,/content/filtered_data/image_2227.png,middle
26,/content/filtered_data/image_2228.png,middle
28,/content/filtered_data/image_2229.png,middle
16,/content/filtered_data/image_2230.png,young
1,/content/filtered_data/image_2231.png,young
22,/content/filtered_data/image_2232.png,middle
39,/content/filtered_data/image_2233.png,middle
30,/content/filtered_data/image_2234.png,middle
36,/content/filtered_data/image_2235.png,middle
23,/content/filtered_data/image_2236.png,middle
21,/content/filtered_data/image_2237.png,middle
27,/content/filtered_data/image_2238.png,middle
16,/content/filtered_data/image_2239.png,young
32,/content/filtered_data/image_2240.png,middle
17,/content/filtered_data/image_2241.png,young
1,/content/filtered_data/image_2242.png,young
31,/content/filtered_data/image_2243.png,middle
20,/content/filtered_data/image_2244.png,middle
22,/content/filtered_data/image_2245.png,middle
18,/content/filtered_data/image_2246.png,young
66,/content/filtered_data/image_2247.png,old
8,/content/filtered_data/image_2248.png,young
2,/content/filtered_data/image_2249.png,young
52,/content/filtered_data/image_2250.png,middle
32,/content/filtered_data/image_2251.png,middle
15,/content/filtered_data/image_2252.png,young
16,/content/filtered_data/image_2253.png,young
15,/content/filtered_data/image_2254.png,young
40,/content/filtered_data/image_2255.png,middle
21,/content/filtered_data/image_2256.png,middle
19,/content/filtered_data/image_2257.png,young
18,/content/filtered_data/image_2258.png,young
28,/content/filtered_data/image_2259.png,middle
26,/content/filtered_data/image_2260.png,middle
22,/content/filtered_data/image_2261.png,middle
20,/content/filtered_data/image_2262.png,middle
20,/content/filtered_data/image_2263.png,middle
35,/content/filtered_data/image_2264.png,middle
54,/content/filtered_data/image_2265.png,middle
13,/content/filtered_data/image_2266.png,young
50,/content/filtered_data/image_2267.png,middle
18,/content/filtered_data/image_2268.png,young
90,/content/filtered_data/image_2269.png,old
37,/content/filtered_data/image_2270.png,middle
15,/content/filtered_data/image_2271.png,young
6,/content/filtered_data/image_2272.png,young
51,/content/filtered_data/image_2273.png,middle
50,/content/filtered_data/image_2274.png,middle
48,/content/filtered_data/image_2275.png,middle
37,/content/filtered_data/image_2276.png,middle
59,/content/filtered_data/image_2277.png,middle
72,/content/filtered_data/image_2278.png,old
80,/content/filtered_data/image_2279.png,old
24,/content/filtered_data/image_2280.png,middle
55,/content/filtered_data/image_2281.png,middle
22,/content/filtered_data/image_2282.png,middle
4,/content/filtered_data/image_2283.png,young
40,/content/filtered_data/image_2284.png,middle
29,/content/filtered_data/image_2285.png,middle
21,/content/filtered_data/image_2286.png,middle
30,/content/filtered_data/image_2287.png,middle
20,/content/filtered_data/image_2288.png,middle
35,/content/filtered_data/image_2289.png,middle
5,/content/filtered_data/image_2290.png,young
17,/content/filtered_data/image_2291.png,young
1,/content/filtered_data/image_2292.png,young
25,/content/filtered_data/image_2293.png,middle
8,/content/filtered_data/image_2294.png,young
52,/content/filtered_data/image_2295.png,middle
17,/content/filtered_data/image_2296.png,young
22,/content/filtered_data/image_2297.png,middle
27,/content/filtered_data/image_2298.png,middle
33,/content/filtered_data/image_2299.png,middle
26,/content/filtered_data/image_2300.png,middle
38,/content/filtered_data/image_2301.png,middle
36,/content/filtered_data/image_2302.png,middle
36,/content/filtered_data/image_2303.png,middle
14,/content/filtered_data/image_2304.png,young
46,/content/filtered_data/image_2305.png,middle
30,/content/filtered_data/image_2306.png,middle
48,/content/filtered_data/image_2307.png,middle
48,/content/filtered_data/image_2308.png,middle
51,/content/filtered_data/image_2309.png,middle
41,/content/filtered_data/image_2310.png,middle
7,/content/filtered_data/image_2311.png,young
27,/content/filtered_data/image_2312.png,middle
35,/content/filtered_data/image_2313.png,middle
20,/content/filtered_data/image_2314.png,middle
42,/content/filtered_data/image_2315.png,middle
24,/content/filtered_data/image_2316.png,middle
18,/content/filtered_data/image_2317.png,young
30,/content/filtered_data/image_2318.png,middle
28,/content/filtered_data/image_2319.png,middle
58,/content/filtered_data/image_2320.png,middle
40,/content/filtered_data/image_2321.png,middle
14,/content/filtered_data/image_2322.png,young
6,/content/filtered_data/image_2323.png,young
34,/content/filtered_data/image_2324.png,middle
36,/content/filtered_data/image_2325.png,middle
55,/content/filtered_data/image_2326.png,middle
23,/content/filtered_data/image_2327.png,middle
16,/content/filtered_data/image_2328.png,young
85,/content/filtered_data/image_2329.png,old
54,/content/filtered_data/image_2330.png,middle
23,/content/filtered_data/image_2331.png,middle
30,/content/filtered_data/image_2332.png,middle
55,/content/filtered_data/image_2333.png,middle
59,/content/filtered_data/image_2334.png,middle
20,/content/filtered_data/image_2335.png,middle
12,/content/filtered_data/image_2336.png,young
71,/content/filtered_data/image_2337.png,old
38,/content/filtered_data/image_2338.png,middle
5,/content/filtered_data/image_2339.png,young
42,/content/filtered_data/image_2340.png,middle
24,/content/filtered_data/image_2341.png,middle
55,/content/filtered_data/image_2342.png,middle
42,/content/filtered_data/image_2343.png,middle
20,/content/filtered_data/image_2344.png,middle
1,/content/filtered_data/image_2345.png,young
23,/content/filtered_data/image_2346.png,middle
47,/content/filtered_data/image_2347.png,middle
2,/content/filtered_data/image_2348.png,young
46,/content/filtered_data/image_2349.png,middle
47,/content/filtered_data/image_2350.png,middle
30,/content/filtered_data/image_2351.png,middle
48,/content/filtered_data/image_2352.png,middle
36,/content/filtered_data/image_2353.png,middle
27,/content/filtered_data/image_2354.png,middle
10,/content/filtered_data/image_2355.png,young
23,/content/filtered_data/image_2356.png,middle
51,/content/filtered_data/image_2357.png,middle
37,/content/filtered_data/image_2358.png,middle
25,/content/filtered_data/image_2359.png,middle
37,/content/filtered_data/image_2360.png,middle
37,/content/filtered_data/image_2361.png,middle
70,/content/filtered_data/image_2362.png,old
23,/content/filtered_data/image_2363.png,middle
30,/content/filtered_data/image_2364.png,middle
55,/content/filtered_data/image_2365.png,middle
37,/content/filtered_data/image_2366.png,middle
41,/content/filtered_data/image_2367.png,middle
30,/content/filtered_data/image_2368.png,middle
52,/content/filtered_data/image_2369.png,middle
30,/content/filtered_data/image_2370.png,middle
50,/content/filtered_data/image_2371.png,middle
27,/content/filtered_data/image_2372.png,middle
62,/content/filtered_data/image_2373.png,old
28,/content/filtered_data/image_2374.png,middle
55,/content/filtered_data/image_2375.png,middle
52,/content/filtered_data/image_2376.png,middle
34,/content/filtered_data/image_2377.png,middle
22,/content/filtered_data/image_2378.png,middle
34,/content/filtered_data/image_2379.png,middle
35,/content/filtered_data/image_2380.png,middle
16,/content/filtered_data/image_2381.png,young
33,/content/filtered_data/image_2382.png,middle
7,/content/filtered_data/image_2383.png,young
30,/content/filtered_data/image_2384.png,middle
33,/content/filtered_data/image_2385.png,middle
14,/content/filtered_data/image_2386.png,young
25,/content/filtered_data/image_2387.png,middle
1,/content/filtered_data/image_2388.png,young
38,/content/filtered_data/image_2389.png,middle
30,/content/filtered_data/image_2390.png,middle
20,/content/filtered_data/image_2391.png,middle
29,/content/filtered_data/image_2392.png,middle
22,/content/filtered_data/image_2393.png,middle
1,/content/filtered_data/image_2394.png,young
28,/content/filtered_data/image_2395.png,middle
39,/content/filtered_data/image_2396.png,middle
21,/content/filtered_data/image_2397.png,middle
12,/content/filtered_data/image_2398.png,young
19,/content/filtered_data/image_2399.png,young
49,/content/filtered_data/image_2400.png,middle
24,/content/filtered_data/image_2401.png,middle
26,/content/filtered_data/image_2402.png,middle
32,/content/filtered_data/image_2403.png,middle
51,/content/filtered_data/image_2404.png,middle
50,/content/filtered_data/image_2405.png,middle
8,/content/filtered_data/image_2406.png,young
39,/content/filtered_data/image_2407.png,middle
32,/content/filtered_data/image_2408.png,middle
87,/content/filtered_data/image_2409.png,old
31,/content/filtered_data/image_2410.png,middle
29,/content/filtered_data/image_2411.png,middle
25,/content/filtered_data/image_2412.png,middle
50,/content/filtered_data/image_2413.png,middle
41,/content/filtered_data/image_2414.png,middle
32,/content/filtered_data/image_2415.png,middle
47,/content/filtered_data/image_2416.png,middle
37,/content/filtered_data/image_2417.png,middle
2,/content/filtered_data/image_2418.png,young
6,/content/filtered_data/image_2419.png,young
44,/content/filtered_data/image_2420.png,middle
47,/content/filtered_data/image_2421.png,middle
43,/content/filtered_data/image_2422.png,middle
20,/content/filtered_data/image_2423.png,middle
50,/content/filtered_data/image_2424.png,middle
31,/content/filtered_data/image_2425.png,middle
23,/content/filtered_data/image_2426.png,middle
32,/content/filtered_data/image_2427.png,middle
2,/content/filtered_data/image_2428.png,young
30,/content/filtered_data/image_2429.png,middle
49,/content/filtered_data/image_2430.png,middle
25,/content/filtered_data/image_2431.png,middle
25,/content/filtered_data/image_2432.png,middle
34,/content/filtered_data/image_2433.png,middle
42,/content/filtered_data/image_2434.png,middle
55,/content/filtered_data/image_2435.png,middle
30,/content/filtered_data/image_2436.png,middle
35,/content/filtered_data/image_2437.png,middle
62,/content/filtered_data/image_2438.png,old
50,/content/filtered_data/image_2439.png,middle
35,/content/filtered_data/image_2440.png,middle
14,/content/filtered_data/image_2441.png,young
22,/content/filtered_data/image_2442.png,middle
44,/content/filtered_data/image_2443.png,middle
80,/content/filtered_data/image_2444.png,old
45,/content/filtered_data/image_2445.png,middle
26,/content/filtered_data/image_2446.png,middle
10,/content/filtered_data/image_2447.png,young
23,/content/filtered_data/image_2448.png,middle
29,/content/filtered_data/image_2449.png,middle
45,/content/filtered_data/image_2450.png,middle
13,/content/filtered_data/image_2451.png,young
25,/content/filtered_data/image_2452.png,middle
50,/content/filtered_data/image_2453.png,middle
15,/content/filtered_data/image_2454.png,young
44,/content/filtered_data/image_2455.png,middle
49,/content/filtered_data/image_2456.png,middle
5,/content/filtered_data/image_2457.png,young
28,/content/filtered_data/image_2458.png,middle
39,/content/filtered_data/image_2459.png,middle
35,/content/filtered_data/image_2460.png,middle
36,/content/filtered_data/image_2461.png,middle
23,/content/filtered_data/image_2462.png,middle
34,/content/filtered_data/image_2463.png,middle
21,/content/filtered_data/image_2464.png,middle
25,/content/filtered_data/image_2465.png,middle
21,/content/filtered_data/image_2466.png,middle
37,/content/filtered_data/image_2467.png,middle
39,/content/filtered_data/image_2468.png,middle
18,/content/filtered_data/image_2469.png,young
28,/content/filtered_data/image_2470.png,middle
45,/content/filtered_data/image_2471.png,middle
16,/content/filtered_data/image_2472.png,young
16,/content/filtered_data/image_2473.png,young
26,/content/filtered_data/image_2474.png,middle
6,/content/filtered_data/image_2475.png,young
2,/content/filtered_data/image_2476.png,young
19,/content/filtered_data/image_2477.png,young
22,/content/filtered_data/image_2478.png,middle
23,/content/filtered_data/image_2479.png,middle
72,/content/filtered_data/image_2480.png,old
6,/content/filtered_data/image_2481.png,young
77,/content/filtered_data/image_2482.png,old
14,/content/filtered_data/image_2483.png,young
22,/content/filtered_data/image_2484.png,middle
29,/content/filtered_data/image_2485.png,middle
41,/content/filtered_data/image_2486.png,middle
26,/content/filtered_data/image_2487.png,middle
44,/content/filtered_data/image_2488.png,middle
4,/content/filtered_data/image_2489.png,young
27,/content/filtered_data/image_2490.png,middle
25,/content/filtered_data/image_2491.png,middle
1,/content/filtered_data/image_2492.png,young
32,/content/filtered_data/image_2493.png,middle
27,/content/filtered_data/image_2494.png,middle
42,/content/filtered_data/image_2495.png,middle
28,/content/filtered_data/image_2496.png,middle
1,/content/filtered_data/image_2497.png,young
68,/content/filtered_data/image_2498.png,old
27,/content/filtered_data/image_2499.png,middle
22,/content/filtered_data/image_2500.png,middle
19,/content/filtered_data/image_2501.png,young
29,/content/filtered_data/image_2502.png,middle
21,/content/filtered_data/image_2503.png,middle
21,/content/filtered_data/image_2504.png,middle
53,/content/filtered_data/image_2505.png,middle
26,/content/filtered_data/image_2506.png,middle
16,/content/filtered_data/image_2507.png,young
1,/content/filtered_data/image_2508.png,young
90,/content/filtered_data/image_2509.png,old
41,/content/filtered_data/image_2510.png,middle
4,/content/filtered_data/image_2511.png,young
22,/content/filtered_data/image_2512.png,middle
26,/content/filtered_data/image_2513.png,middle
15,/content/filtered_data/image_2514.png,young
16,/content/filtered_data/image_2515.png,young
10,/content/filtered_data/image_2516.png,young
20,/content/filtered_data/image_2517.png,middle
73,/content/filtered_data/image_2518.png,old
8,/content/filtered_data/image_2519.png,young
14,/content/filtered_data/image_2520.png,young
28,/content/filtered_data/image_2521.png,middle
31,/content/filtered_data/image_2522.png,middle
15,/content/filtered_data/image_2523.png,young
25,/content/filtered_data/image_2524.png,middle
25,/content/filtered_data/image_2525.png,middle
30,/content/filtered_data/image_2526.png,middle
28,/content/filtered_data/image_2527.png,middle
27,/content/filtered_data/image_2528.png,middle
27,/content/filtered_data/image_2529.png,middle
38,/content/filtered_data/image_2530.png,middle
20,/content/filtered_data/image_2531.png,middle
26,/content/filtered_data/image_2532.png,middle
33,/content/filtered_data/image_2533.png,middle
52,/content/filtered_data/image_2534.png,middle
30,/content/filtered_data/image_2535.png,middle
53,/content/filtered_data/image_2536.png,middle
4,/content/filtered_data/image_2537.png,young
44,/content/filtered_data/image_2538.png,middle
21,/content/filtered_data/image_2539.png,middle
34,/content/filtered_data/image_2540.png,middle
17,/content/filtered_data/image_2541.png,young
25,/content/filtered_data/image_2542.png,middle
35,/content/filtered_data/image_2543.png,middle
64,/content/filtered_data/image_2544.png,old
38,/content/filtered_data/image_2545.png,middle
26,/content/filtered_data/image_2546.png,middle
27,/content/filtered_data/image_2547.png,middle
48,/content/filtered_data/image_2548.png,middle
29,/content/filtered_data/image_2549.png,middle
7,/content/filtered_data/image_2550.png,young
17,/content/filtered_data/image_2551.png,young
1,/content/filtered_data/image_2552.png,young
28,/content/filtered_data/image_2553.png,middle
52,/content/filtered_data/image_2554.png,middle
29,/content/filtered_data/image_2555.png,middle
36,/content/filtered_data/image_2556.png,middle
17,/content/filtered_data/image_2557.png,young
18,/content/filtered_data/image_2558.png,young
14,/content/filtered_data/image_2559.png,young
50,/content/filtered_data/image_2560.png,middle
2,/content/filtered_data/image_2561.png,young
1,/content/filtered_data/image_2562.png,young
30,/content/filtered_data/image_2563.png,middle
47,/content/filtered_data/image_2564.png,middle
40,/content/filtered_data/image_2565.png,middle
33,/content/filtered_data/image_2566.png,middle
59,/content/filtered_data/image_2567.png,middle
27,/content/filtered_data/image_2568.png,middle
40,/content/filtered_data/image_2569.png,middle
24,/content/filtered_data/image_2570.png,middle
4,/content/filtered_data/image_2571.png,young
25,/content/filtered_data/image_2572.png,middle
70,/content/filtered_data/image_2573.png,old
15,/content/filtered_data/image_2574.png,young
44,/content/filtered_data/image_2575.png,middle
42,/content/filtered_data/image_2576.png,middle
5,/content/filtered_data/image_2577.png,young
66,/content/filtered_data/image_2578.png,old
6,/content/filtered_data/image_2579.png,young
35,/content/filtered_data/image_2580.png,middle
15,/content/filtered_data/image_2581.png,young
7,/content/filtered_data/image_2582.png,young
53,/content/filtered_data/image_2583.png,middle
11,/content/filtered_data/image_2584.png,young
37,/content/filtered_data/image_2585.png,middle
37,/content/filtered_data/image_2586.png,middle
5,/content/filtered_data/image_2587.png,young
34,/content/filtered_data/image_2588.png,middle
36,/content/filtered_data/image_2589.png,middle
51,/content/filtered_data/image_2590.png,middle
47,/content/filtered_data/image_2591.png,middle
18,/content/filtered_data/image_2592.png,young
33,/content/filtered_data/image_2593.png,middle
18,/content/filtered_data/image_2594.png,young
58,/content/filtered_data/image_2595.png,middle
18,/content/filtered_data/image_2596.png,young
57,/content/filtered_data/image_2597.png,middle
58,/content/filtered_data/image_2598.png,middle
71,/content/filtered_data/image_2599.png,old
27,/content/filtered_data/image_2600.png,middle
57,/content/filtered_data/image_2601.png,middle
52,/content/filtered_data/image_2602.png,middle
25,/content/filtered_data/image_2603.png,middle
53,/content/filtered_data/image_2604.png,middle
52,/content/filtered_data/image_2605.png,middle
30,/content/filtered_data/image_2606.png,middle
25,/content/filtered_data/image_2607.png,middle
49,/content/filtered_data/image_2608.png,middle
59,/content/filtered_data/image_2609.png,middle
62,/content/filtered_data/image_2610.png,old
28,/content/filtered_data/image_2611.png,middle
32,/content/filtered_data/image_2612.png,middle
16,/content/filtered_data/image_2613.png,young
60,/content/filtered_data/image_2614.png,middle
34,/content/filtered_data/image_2615.png,middle
7,/content/filtered_data/image_2616.png,young
25,/content/filtered_data/image_2617.png,middle
53,/content/filtered_data/image_2618.png,middle
6,/content/filtered_data/image_2619.png,young
90,/content/filtered_data/image_2620.png,old
46,/content/filtered_data/image_2621.png,middle
41,/content/filtered_data/image_2622.png,middle
16,/content/filtered_data/image_2623.png,young
20,/content/filtered_data/image_2624.png,middle
36,/content/filtered_data/image_2625.png,middle
30,/content/filtered_data/image_2626.png,middle
31,/content/filtered_data/image_2627.png,middle
33,/content/filtered_data/image_2628.png,middle
61,/content/filtered_data/image_2629.png,old
46,/content/filtered_data/image_2630.png,middle
12,/content/filtered_data/image_2631.png,young
80,/content/filtered_data/image_2632.png,old
50,/content/filtered_data/image_2633.png,middle
21,/content/filtered_data/image_2634.png,middle
65,/content/filtered_data/image_2635.png,old
16,/content/filtered_data/image_2636.png,young
4,/content/filtered_data/image_2637.png,young
63,/content/filtered_data/image_2638.png,old
32,/content/filtered_data/image_2639.png,middle
18,/content/filtered_data/image_2640.png,young
28,/content/filtered_data/image_2641.png,middle
20,/content/filtered_data/image_2642.png,middle
40,/content/filtered_data/image_2643.png,middle
7,/content/filtered_data/image_2644.png,young
30,/content/filtered_data/image_2645.png,middle
37,/content/filtered_data/image_2646.png,middle
100,/content/filtered_data/image_2647.png,old
42,/content/filtered_data/image_2648.png,middle
4,/content/filtered_data/image_2649.png,young
19,/content/filtered_data/image_2650.png,young
47,/content/filtered_data/image_2651.png,middle
34,/content/filtered_data/image_2652.png,middle
17,/content/filtered_data/image_2653.png,young
39,/content/filtered_data/image_2654.png,middle
52,/content/filtered_data/image_2655.png,middle
19,/content/filtered_data/image_2656.png,young
22,/content/filtered_data/image_2657.png,middle
25,/content/filtered_data/image_2658.png,middle
60,/content/filtered_data/image_2659.png,middle
25,/content/filtered_data/image_2660.png,middle
17,/content/filtered_data/image_2661.png,young
27,/content/filtered_data/image_2662.png,middle
57,/content/filtered_data/image_2663.png,middle
9,/content/filtered_data/image_2664.png,young
34,/content/filtered_data/image_2665.png,middle
42,/content/filtered_data/image_2666.png,middle
1,/content/filtered_data/image_2667.png,young
28,/content/filtered_data/image_2668.png,middle
23,/content/filtered_data/image_2669.png,middle
32,/content/filtered_data/image_2670.png,middle
7,/content/filtered_data/image_2671.png,young
36,/content/filtered_data/image_2672.png,middle
50,/content/filtered_data/image_2673.png,middle
19,/content/filtered_data/image_2674.png,young
13,/content/filtered_data/image_2675.png,young
40,/content/filtered_data/image_2676.png,middle
33,/content/filtered_data/image_2677.png,middle
23,/content/filtered_data/image_2678.png,middle
11,/content/filtered_data/image_2679.png,young
35,/content/filtered_data/image_2680.png,middle
44,/content/filtered_data/image_2681.png,middle
30,/content/filtered_data/image_2682.png,middle
34,/content/filtered_data/image_2683.png,middle
23,/content/filtered_data/image_2684.png,middle
70,/content/filtered_data/image_2685.png,old
29,/content/filtered_data/image_2686.png,middle
6,/content/filtered_data/image_2687.png,young
35,/content/filtered_data/image_2688.png,middle
19,/content/filtered_data/image_2689.png,young
11,/content/filtered_data/image_2690.png,young
21,/content/filtered_data/image_2691.png,middle
19,/content/filtered_data/image_2692.png,young
23,/content/filtered_data/image_2693.png,middle
26,/content/filtered_data/image_2694.png,middle
17,/content/filtered_data/image_2695.png,young
36,/content/filtered_data/image_2696.png,middle
52,/content/filtered_data/image_2697.png,middle
23,/content/filtered_data/image_2698.png,middle
24,/content/filtered_data/image_2699.png,middle
2,/content/filtered_data/image_2700.png,young
12,/content/filtered_data/image_2701.png,young
20,/content/filtered_data/image_2702.png,middle
34,/content/filtered_data/image_2703.png,middle
26,/content/filtered_data/image_2704.png,middle
14,/content/filtered_data/image_2705.png,young
16,/content/filtered_data/image_2706.png,young
15,/content/filtered_data/image_2707.png,young
31,/content/filtered_data/image_2708.png,middle
43,/content/filtered_data/image_2709.png,middle
61,/content/filtered_data/image_2710.png,old
20,/content/filtered_data/image_2711.png,middle
45,/content/filtered_data/image_2712.png,middle
41,/content/filtered_data/image_2713.png,middle
33,/content/filtered_data/image_2714.png,middle
31,/content/filtered_data/image_2715.png,middle
47,/content/filtered_data/image_2716.png,middle
28,/content/filtered_data/image_2717.png,middle
4,/content/filtered_data/image_2718.png,young
40,/content/filtered_data/image_2719.png,middle
20,/content/filtered_data/image_2720.png,middle
52,/content/filtered_data/image_2721.png,middle
39,/content/filtered_data/image_2722.png,middle
32,/content/filtered_data/image_2723.png,middle
34,/content/filtered_data/image_2724.png,middle
7,/content/filtered_data/image_2725.png,young
24,/content/filtered_data/image_2726.png,middle
40,/content/filtered_data/image_2727.png,middle
51,/content/filtered_data/image_2728.png,middle
31,/content/filtered_data/image_2729.png,middle
39,/content/filtered_data/image_2730.png,middle
41,/content/filtered_data/image_2731.png,middle
48,/content/filtered_data/image_2732.png,middle
49,/content/filtered_data/image_2733.png,middle
37,/content/filtered_data/image_2734.png,middle
28,/content/filtered_data/image_2735.png,middle
4,/content/filtered_data/image_2736.png,young
21,/content/filtered_data/image_2737.png,middle
16,/content/filtered_data/image_2738.png,young
33,/content/filtered_data/image_2739.png,middle
31,/content/filtered_data/image_2740.png,middle
25,/content/filtered_data/image_2741.png,middle
25,/content/filtered_data/image_2742.png,middle
41,/content/filtered_data/image_2743.png,middle
46,/content/filtered_data/image_2744.png,middle
15,/content/filtered_data/image_2745.png,young
24,/content/filtered_data/image_2746.png,middle
69,/content/filtered_data/image_2747.png,old
48,/content/filtered_data/image_2748.png,middle
45,/content/filtered_data/image_2749.png,middle
31,/content/filtered_data/image_2750.png,middle
27,/content/filtered_data/image_2751.png,middle
20,/content/filtered_data/image_2752.png,middle
24,/content/filtered_data/image_2753.png,middle
28,/content/filtered_data/image_2754.png,middle
40,/content/filtered_data/image_2755.png,middle
51,/content/filtered_data/image_2756.png,middle
27,/content/filtered_data/image_2757.png,middle
27,/content/filtered_data/image_2758.png,middle
22,/content/filtered_data/image_2759.png,middle
50,/content/filtered_data/image_2760.png,middle
32,/content/filtered_data/image_2761.png,middle
25,/content/filtered_data/image_2762.png,middle
29,/content/filtered_data/image_2763.png,middle
45,/content/filtered_data/image_2764.png,middle
37,/content/filtered_data/image_2765.png,middle
32,/content/filtered_data/image_2766.png,middle
20,/content/filtered_data/image_2767.png,middle
31,/content/filtered_data/image_2768.png,middle
16,/content/filtered_data/image_2769.png,young
58,/content/filtered_data/image_2770.png,middle
47,/content/filtered_data/image_2771.png,middle
25,/content/filtered_data/image_2772.png,middle
36,/content/filtered_data/image_2773.png,middle
36,/content/filtered_data/image_2774.png,middle
33,/content/filtered_data/image_2775.png,middle
46,/content/filtered_data/image_2776.png,middle
35,/content/filtered_data/image_2777.png,middle
25,/content/filtered_data/image_2778.png,middle
23,/content/filtered_data/image_2779.png,middle
16,/content/filtered_data/image_2780.png,young
68,/content/filtered_data/image_2781.png,old
1,/content/filtered_data/image_2782.png,young
2,/content/filtered_data/image_2783.png,young
50,/content/filtered_data/image_2784.png,middle
46,/content/filtered_data/image_2785.png,middle
27,/content/filtered_data/image_2786.png,middle
61,/content/filtered_data/image_2787.png,old
32,/content/filtered_data/image_2788.png,middle
24,/content/filtered_data/image_2789.png,middle
45,/content/filtered_data/image_2790.png,middle
35,/content/filtered_data/image_2791.png,middle
28,/content/filtered_data/image_2792.png,middle
7,/content/filtered_data/image_2793.png,young
21,/content/filtered_data/image_2794.png,middle
51,/content/filtered_data/image_2795.png,middle
64,/content/filtered_data/image_2796.png,old
55,/content/filtered_data/image_2797.png,middle
17,/content/filtered_data/image_2798.png,young
54,/content/filtered_data/image_2799.png,middle
39,/content/filtered_data/image_2800.png,middle
35,/content/filtered_data/image_2801.png,middle
49,/content/filtered_data/image_2802.png,middle
33,/content/filtered_data/image_2803.png,middle
35,/content/filtered_data/image_2804.png,middle
16,/content/filtered_data/image_2805.png,young
43,/content/filtered_data/image_2806.png,middle
2,/content/filtered_data/image_2807.png,young
42,/content/filtered_data/image_2808.png,middle
58,/content/filtered_data/image_2809.png,middle
20,/content/filtered_data/image_2810.png,middle
70,/content/filtered_data/image_2811.png,old
17,/content/filtered_data/image_2812.png,young
46,/content/filtered_data/image_2813.png,middle
21,/content/filtered_data/image_2814.png,middle
23,/content/filtered_data/image_2815.png,middle
28,/content/filtered_data/image_2816.png,middle
63,/content/filtered_data/image_2817.png,old
18,/content/filtered_data/image_2818.png,young
56,/content/filtered_data/image_2819.png,middle
24,/content/filtered_data/image_2820.png,middle
21,/content/filtered_data/image_2821.png,middle
17,/content/filtered_data/image_2822.png,young
38,/content/filtered_data/image_2823.png,middle
48,/content/filtered_data/image_2824.png,middle
51,/content/filtered_data/image_2825.png,middle
26,/content/filtered_data/image_2826.png,middle
46,/content/filtered_data/image_2827.png,middle
41,/content/filtered_data/image_2828.png,middle
28,/content/filtered_data/image_2829.png,middle
31,/content/filtered_data/image_2830.png,middle
37,/content/filtered_data/image_2831.png,middle
65,/content/filtered_data/image_2832.png,old
1,/content/filtered_data/image_2833.png,young
5,/content/filtered_data/image_2834.png,young
19,/content/filtered_data/image_2835.png,young
15,/content/filtered_data/image_2836.png,young
34,/content/filtered_data/image_2837.png,middle
52,/content/filtered_data/image_2838.png,middle
34,/content/filtered_data/image_2839.png,middle
38,/content/filtered_data/image_2840.png,middle
72,/content/filtered_data/image_2841.png,old
46,/content/filtered_data/image_2842.png,middle
19,/content/filtered_data/image_2843.png,young
30,/content/filtered_data/image_2844.png,middle
46,/content/filtered_data/image_2845.png,middle
24,/content/filtered_data/image_2846.png,middle
42,/content/filtered_data/image_2847.png,middle
17,/content/filtered_data/image_2848.png,young
50,/content/filtered_data/image_2849.png,middle
56,/content/filtered_data/image_2850.png,middle
16,/content/filtered_data/image_2851.png,young
40,/content/filtered_data/image_2852.png,middle
36,/content/filtered_data/image_2853.png,middle
47,/content/filtered_data/image_2854.png,middle
23,/content/filtered_data/image_2855.png,middle
31,/content/filtered_data/image_2856.png,middle
56,/content/filtered_data/image_2857.png,middle
19,/content/filtered_data/image_2858.png,young
6,/content/filtered_data/image_2859.png,young
17,/content/filtered_data/image_2860.png,young
49,/content/filtered_data/image_2861.png,middle
22,/content/filtered_data/image_2862.png,middle
30,/content/filtered_data/image_2863.png,middle
4,/content/filtered_data/image_2864.png,young
21,/content/filtered_data/image_2865.png,middle
1,/content/filtered_data/image_2866.png,young
16,/content/filtered_data/image_2867.png,young
63,/content/filtered_data/image_2868.png,old
1,/content/filtered_data/image_2869.png,young
19,/content/filtered_data/image_2870.png,young
27,/content/filtered_data/image_2871.png,middle
2,/content/filtered_data/image_2872.png,young
23,/content/filtered_data/image_2873.png,middle
49,/content/filtered_data/image_2874.png,middle
5,/content/filtered_data/image_2875.png,young
45,/content/filtered_data/image_2876.png,middle
25,/content/filtered_data/image_2877.png,middle
25,/content/filtered_data/image_2878.png,middle
44,/content/filtered_data/image_2879.png,middle
41,/content/filtered_data/image_2880.png,middle
19,/content/filtered_data/image_2881.png,young
21,/content/filtered_data/image_2882.png,middle
44,/content/filtered_data/image_2883.png,middle
24,/content/filtered_data/image_2884.png,middle
14,/content/filtered_data/image_2885.png,young
30,/content/filtered_data/image_2886.png,middle
16,/content/filtered_data/image_2887.png,young
52,/content/filtered_data/image_2888.png,middle
18,/content/filtered_data/image_2889.png,young
23,/content/filtered_data/image_2890.png,middle
16,/content/filtered_data/image_2891.png,young
38,/content/filtered_data/image_2892.png,middle
29,/content/filtered_data/image_2893.png,middle
29,/content/filtered_data/image_2894.png,middle
60,/content/filtered_data/image_2895.png,middle
5,/content/filtered_data/image_2896.png,young
67,/content/filtered_data/image_2897.png,old
32,/content/filtered_data/image_2898.png,middle
17,/content/filtered_data/image_2899.png,young
4,/content/filtered_data/image_2900.png,young
33,/content/filtered_data/image_2901.png,middle
18,/content/filtered_data/image_2902.png,young
56,/content/filtered_data/image_2903.png,middle
25,/content/filtered_data/image_2904.png,middle
33,/content/filtered_data/image_2905.png,middle
51,/content/filtered_data/image_2906.png,middle
16,/content/filtered_data/image_2907.png,young
16,/content/filtered_data/image_2908.png,young
22,/content/filtered_data/image_2909.png,middle
48,/content/filtered_data/image_2910.png,middle
21,/content/filtered_data/image_2911.png,middle
9,/content/filtered_data/image_2912.png,young
33,/content/filtered_data/image_2913.png,middle
45,/content/filtered_data/image_2914.png,middle
14,/content/filtered_data/image_2915.png,young
40,/content/filtered_data/image_2916.png,middle
56,/content/filtered_data/image_2917.png,middle
41,/content/filtered_data/image_2918.png,middle
38,/content/filtered_data/image_2919.png,middle
40,/content/filtered_data/image_2920.png,middle
1,/content/filtered_data/image_2921.png,young
48,/content/filtered_data/image_2922.png,middle
26,/content/filtered_data/image_2923.png,middle
20,/content/filtered_data/image_2924.png,middle
31,/content/filtered_data/image_2925.png,middle
26,/content/filtered_data/image_2926.png,middle
2,/content/filtered_data/image_2927.png,young
36,/content/filtered_data/image_2928.png,middle
53,/content/filtered_data/image_2929.png,middle
17,/content/filtered_data/image_2930.png,young
24,/content/filtered_data/image_2931.png,middle
25,/content/filtered_data/image_2932.png,middle
31,/content/filtered_data/image_2933.png,middle
39,/content/filtered_data/image_2934.png,middle
39,/content/filtered_data/image_2935.png,middle
51,/content/filtered_data/image_2936.png,middle
47,/content/filtered_data/image_2937.png,middle
30,/content/filtered_data/image_2938.png,middle
24,/content/filtered_data/image_2939.png,middle
35,/content/filtered_data/image_2940.png,middle
32,/content/filtered_data/image_2941.png,middle
25,/content/filtered_data/image_2942.png,middle
47,/content/filtered_data/image_2943.png,middle
20,/content/filtered_data/image_2944.png,middle
30,/content/filtered_data/image_2945.png,middle
34,/content/filtered_data/image_2946.png,middle
23,/content/filtered_data/image_2947.png,middle
38,/content/filtered_data/image_2948.png,middle
40,/content/filtered_data/image_2949.png,middle
26,/content/filtered_data/image_2950.png,middle
21,/content/filtered_data/image_2951.png,middle
19,/content/filtered_data/image_2952.png,young
38,/content/filtered_data/image_2953.png,middle
52,/content/filtered_data/image_2954.png,middle
34,/content/filtered_data/image_2955.png,middle
15,/content/filtered_data/image_2956.png,young
31,/content/filtered_data/image_2957.png,middle
32,/content/filtered_data/image_2958.png,middle
44,/content/filtered_data/image_2959.png,middle
17,/content/filtered_data/image_2960.png,young
29,/content/filtered_data/image_2961.png,middle
60,/content/filtered_data/image_2962.png,middle
15,/content/filtered_data/image_2963.png,young
16,/content/filtered_data/image_2964.png,young
24,/content/filtered_data/image_2965.png,middle
6,/content/filtered_data/image_2966.png,young
23,/content/filtered_data/image_2967.png,middle
30,/content/filtered_data/image_2968.png,middle
48,/content/filtered_data/image_2969.png,middle
58,/content/filtered_data/image_2970.png,middle
15,/content/filtered_data/image_2971.png,young
13,/content/filtered_data/image_2972.png,young
55,/content/filtered_data/image_2973.png,middle
25,/content/filtered_data/image_2974.png,middle
33,/content/filtered_data/image_2975.png,middle
22,/content/filtered_data/image_2976.png,middle
19,/content/filtered_data/image_2977.png,young
24,/content/filtered_data/image_2978.png,middle
34,/content/filtered_data/image_2979.png,middle
51,/content/filtered_data/image_2980.png,middle
29,/content/filtered_data/image_2981.png,middle
47,/content/filtered_data/image_2982.png,middle
70,/content/filtered_data/image_2983.png,old
33,/content/filtered_data/image_2984.png,middle
20,/content/filtered_data/image_2985.png,middle
22,/content/filtered_data/image_2986.png,middle
25,/content/filtered_data/image_2987.png,middle
28,/content/filtered_data/image_2988.png,middle
15,/content/filtered_data/image_2989.png,young
43,/content/filtered_data/image_2990.png,middle
31,/content/filtered_data/image_2991.png,middle
19,/content/filtered_data/image_2992.png,young
24,/content/filtered_data/image_2993.png,middle
29,/content/filtered_data/image_2994.png,middle
37,/content/filtered_data/image_2995.png,middle
52,/content/filtered_data/image_2996.png,middle
53,/content/filtered_data/image_2997.png,middle
33,/content/filtered_data/image_2998.png,middle
50,/content/filtered_data/image_2999.png,middle
49,/content/filtered_data/image_3000.png,middle
34,/content/filtered_data/image_3001.png,middle
30,/content/filtered_data/image_3002.png,middle
20,/content/filtered_data/image_3003.png,middle
79,/content/filtered_data/image_3004.png,old
34,/content/filtered_data/image_3005.png,middle
42,/content/filtered_data/image_3006.png,middle
20,/content/filtered_data/image_3007.png,middle
31,/content/filtered_data/image_3008.png,middle
50,/content/filtered_data/image_3009.png,middle
26,/content/filtered_data/image_3010.png,middle
67,/content/filtered_data/image_3011.png,old
23,/content/filtered_data/image_3012.png,middle
15,/content/filtered_data/image_3013.png,young
22,/content/filtered_data/image_3014.png,middle
42,/content/filtered_data/image_3015.png,middle
70,/content/filtered_data/image_3016.png,old
27,/content/filtered_data/image_3017.png,middle
34,/content/filtered_data/image_3018.png,middle
32,/content/filtered_data/image_3019.png,middle
41,/content/filtered_data/image_3020.png,middle
23,/content/filtered_data/image_3021.png,middle
41,/content/filtered_data/image_3022.png,middle
41,/content/filtered_data/image_3023.png,middle
35,/content/filtered_data/image_3024.png,middle
1,/content/filtered_data/image_3025.png,young
32,/content/filtered_data/image_3026.png,middle
66,/content/filtered_data/image_3027.png,old
25,/content/filtered_data/image_3028.png,middle
18,/content/filtered_data/image_3029.png,young
16,/content/filtered_data/image_3030.png,young
35,/content/filtered_data/image_3031.png,middle
39,/content/filtered_data/image_3032.png,middle
14,/content/filtered_data/image_3033.png,young
39,/content/filtered_data/image_3034.png,middle
19,/content/filtered_data/image_3035.png,young
12,/content/filtered_data/image_3036.png,young
45,/content/filtered_data/image_3037.png,middle
27,/content/filtered_data/image_3038.png,middle
87,/content/filtered_data/image_3039.png,old
56,/content/filtered_data/image_3040.png,middle
33,/content/filtered_data/image_3041.png,middle
25,/content/filtered_data/image_3042.png,middle
33,/content/filtered_data/image_3043.png,middle
50,/content/filtered_data/image_3044.png,middle
63,/content/filtered_data/image_3045.png,old
48,/content/filtered_data/image_3046.png,middle
37,/content/filtered_data/image_3047.png,middle
33,/content/filtered_data/image_3048.png,middle
37,/content/filtered_data/image_3049.png,middle
40,/content/filtered_data/image_3050.png,middle
42,/content/filtered_data/image_3051.png,middle
37,/content/filtered_data/image_3052.png,middle
39,/content/filtered_data/image_3053.png,middle
57,/content/filtered_data/image_3054.png,middle
20,/content/filtered_data/image_3055.png,middle
39,/content/filtered_data/image_3056.png,middle
23,/content/filtered_data/image_3057.png,middle
60,/content/filtered_data/image_3058.png,middle
20,/content/filtered_data/image_3059.png,middle
15,/content/filtered_data/image_3060.png,young
39,/content/filtered_data/image_3061.png,middle
25,/content/filtered_data/image_3062.png,middle
33,/content/filtered_data/image_3063.png,middle
59,/content/filtered_data/image_3064.png,middle
19,/content/filtered_data/image_3065.png,young
34,/content/filtered_data/image_3066.png,middle
54,/content/filtered_data/image_3067.png,middle
1,/content/filtered_data/image_3068.png,young
24,/content/filtered_data/image_3069.png,middle
35,/content/filtered_data/image_3070.png,middle
32,/content/filtered_data/image_3071.png,middle
29,/content/filtered_data/image_3072.png,middle
27,/content/filtered_data/image_3073.png,middle
21,/content/filtered_data/image_3074.png,middle
1,/content/filtered_data/image_3075.png,young
27,/content/filtered_data/image_3076.png,middle
19,/content/filtered_data/image_3077.png,young
25,/content/filtered_data/image_3078.png,middle
33,/content/filtered_data/image_3079.png,middle
44,/content/filtered_data/image_3080.png,middle
51,/content/filtered_data/image_3081.png,middle
38,/content/filtered_data/image_3082.png,middle
26,/content/filtered_data/image_3083.png,middle
14,/content/filtered_data/image_3084.png,young
1,/content/filtered_data/image_3085.png,young
17,/content/filtered_data/image_3086.png,young
35,/content/filtered_data/image_3087.png,middle
56,/content/filtered_data/image_3088.png,middle
27,/content/filtered_data/image_3089.png,middle
29,/content/filtered_data/image_3090.png,middle
28,/content/filtered_data/image_3091.png,middle
14,/content/filtered_data/image_3092.png,young
21,/content/filtered_data/image_3093.png,middle
43,/content/filtered_data/image_3094.png,middle
41,/content/filtered_data/image_3095.png,middle
43,/content/filtered_data/image_3096.png,middle
26,/content/filtered_data/image_3097.png,middle
30,/content/filtered_data/image_3098.png,middle
20,/content/filtered_data/image_3099.png,middle
42,/content/filtered_data/image_3100.png,middle
4,/content/filtered_data/image_3101.png,young
32,/content/filtered_data/image_3102.png,middle
22,/content/filtered_data/image_3103.png,middle
50,/content/filtered_data/image_3104.png,middle
34,/content/filtered_data/image_3105.png,middle
46,/content/filtered_data/image_3106.png,middle
40,/content/filtered_data/image_3107.png,middle
11,/content/filtered_data/image_3108.png,young
23,/content/filtered_data/image_3109.png,middle
20,/content/filtered_data/image_3110.png,middle
43,/content/filtered_data/image_3111.png,middle
37,/content/filtered_data/image_3112.png,middle
16,/content/filtered_data/image_3113.png,young
25,/content/filtered_data/image_3114.png,middle
45,/content/filtered_data/image_3115.png,middle
32,/content/filtered_data/image_3116.png,middle
22,/content/filtered_data/image_3117.png,middle
26,/content/filtered_data/image_3118.png,middle
78,/content/filtered_data/image_3119.png,old
33,/content/filtered_data/image_3120.png,middle
32,/content/filtered_data/image_3121.png,middle
30,/content/filtered_data/image_3122.png,middle
2,/content/filtered_data/image_3123.png,young
28,/content/filtered_data/image_3124.png,middle
23,/content/filtered_data/image_3125.png,middle
26,/content/filtered_data/image_3126.png,middle
44,/content/filtered_data/image_3127.png,middle
28,/content/filtered_data/image_3128.png,middle
14,/content/filtered_data/image_3129.png,young
30,/content/filtered_data/image_3130.png,middle
64,/content/filtered_data/image_3131.png,old
17,/content/filtered_data/image_3132.png,young
16,/content/filtered_data/image_3133.png,young
22,/content/filtered_data/image_3134.png,middle
15,/content/filtered_data/image_3135.png,young
27,/content/filtered_data/image_3136.png,middle
52,/content/filtered_data/image_3137.png,middle
47,/content/filtered_data/image_3138.png,middle
12,/content/filtered_data/image_3139.png,young
26,/content/filtered_data/image_3140.png,middle
22,/content/filtered_data/image_3141.png,middle
22,/content/filtered_data/image_3142.png,middle
31,/content/filtered_data/image_3143.png,middle
35,/content/filtered_data/image_3144.png,middle
29,/content/filtered_data/image_3145.png,middle
19,/content/filtered_data/image_3146.png,young
28,/content/filtered_data/image_3147.png,middle
60,/content/filtered_data/image_3148.png,middle
28,/content/filtered_data/image_3149.png,middle
44,/content/filtered_data/image_3150.png,middle
13,/content/filtered_data/image_3151.png,young
37,/content/filtered_data/image_3152.png,middle
19,/content/filtered_data/image_3153.png,young
20,/content/filtered_data/image_3154.png,middle
22,/content/filtered_data/image_3155.png,middle
32,/content/filtered_data/image_3156.png,middle
20,/content/filtered_data/image_3157.png,middle
40,/content/filtered_data/image_3158.png,middle
15,/content/filtered_data/image_3159.png,young
24,/content/filtered_data/image_3160.png,middle
31,/content/filtered_data/image_3161.png,middle
73,/content/filtered_data/image_3162.png,old
51,/content/filtered_data/image_3163.png,middle
29,/content/filtered_data/image_3164.png,middle
23,/content/filtered_data/image_3165.png,middle
47,/content/filtered_data/image_3166.png,middle
46,/content/filtered_data/image_3167.png,middle
46,/content/filtered_data/image_3168.png,middle
32,/content/filtered_data/image_3169.png,middle
39,/content/filtered_data/image_3170.png,middle
28,/content/filtered_data/image_3171.png,middle
33,/content/filtered_data/image_3172.png,middle
60,/content/filtered_data/image_3173.png,middle
20,/content/filtered_data/image_3174.png,middle
22,/content/filtered_data/image_3175.png,middle
20,/content/filtered_data/image_3176.png,middle
55,/content/filtered_data/image_3177.png,middle
62,/content/filtered_data/image_3178.png,old
26,/content/filtered_data/image_3179.png,middle
14,/content/filtered_data/image_3180.png,young
25,/content/filtered_data/image_3181.png,middle
16,/content/filtered_data/image_3182.png,young
45,/content/filtered_data/image_3183.png,middle
28,/content/filtered_data/image_3184.png,middle
19,/content/filtered_data/image_3185.png,young
18,/content/filtered_data/image_3186.png,young
32,/content/filtered_data/image_3187.png,middle
32,/content/filtered_data/image_3188.png,middle
29,/content/filtered_data/image_3189.png,middle
16,/content/filtered_data/image_3190.png,young
60,/content/filtered_data/image_3191.png,middle
5,/content/filtered_data/image_3192.png,young
37,/content/filtered_data/image_3193.png,middle
22,/content/filtered_data/image_3194.png,middle
26,/content/filtered_data/image_3195.png,middle
45,/content/filtered_data/image_3196.png,middle
12,/content/filtered_data/image_3197.png,young
38,/content/filtered_data/image_3198.png,middle
18,/content/filtered_data/image_3199.png,young
54,/content/filtered_data/image_3200.png,middle
19,/content/filtered_data/image_3201.png,young
28,/content/filtered_data/image_3202.png,middle
25,/content/filtered_data/image_3203.png,middle
32,/content/filtered_data/image_3204.png,middle
22,/content/filtered_data/image_3205.png,middle
63,/content/filtered_data/image_3206.png,old
18,/content/filtered_data/image_3207.png,young
47,/content/filtered_data/image_3208.png,middle
18,/content/filtered_data/image_3209.png,young
17,/content/filtered_data/image_3210.png,young
34,/content/filtered_data/image_3211.png,middle
47,/content/filtered_data/image_3212.png,middle
14,/content/filtered_data/image_3213.png,young
25,/content/filtered_data/image_3214.png,middle
38,/content/filtered_data/image_3215.png,middle
19,/content/filtered_data/image_3216.png,young
76,/content/filtered_data/image_3217.png,old
28,/content/filtered_data/image_3218.png,middle
7,/content/filtered_data/image_3219.png,young
60,/content/filtered_data/image_3220.png,middle
28,/content/filtered_data/image_3221.png,middle
16,/content/filtered_data/image_3222.png,young
17,/content/filtered_data/image_3223.png,young
36,/content/filtered_data/image_3224.png,middle
20,/content/filtered_data/image_3225.png,middle
21,/content/filtered_data/image_3226.png,middle
41,/content/filtered_data/image_3227.png,middle
34,/content/filtered_data/image_3228.png,middle
22,/content/filtered_data/image_3229.png,middle
23,/content/filtered_data/image_3230.png,middle
35,/content/filtered_data/image_3231.png,middle
56,/content/filtered_data/image_3232.png,middle
56,/content/filtered_data/image_3233.png,middle
17,/content/filtered_data/image_3234.png,young
42,/content/filtered_data/image_3235.png,middle
65,/content/filtered_data/image_3236.png,old
19,/content/filtered_data/image_3237.png,young
25,/content/filtered_data/image_3238.png,middle
13,/content/filtered_data/image_3239.png,young
1,/content/filtered_data/image_3240.png,young
17,/content/filtered_data/image_3241.png,young
30,/content/filtered_data/image_3242.png,middle
31,/content/filtered_data/image_3243.png,middle
26,/content/filtered_data/image_3244.png,middle
13,/content/filtered_data/image_3245.png,young
94,/content/filtered_data/image_3246.png,old
18,/content/filtered_data/image_3247.png,young
19,/content/filtered_data/image_3248.png,young
25,/content/filtered_data/image_3249.png,middle
51,/content/filtered_data/image_3250.png,middle
26,/content/filtered_data/image_3251.png,middle
24,/content/filtered_data/image_3252.png,middle
1,/content/filtered_data/image_3253.png,young
22,/content/filtered_data/image_3254.png,middle
50,/content/filtered_data/image_3255.png,middle
34,/content/filtered_data/image_3256.png,middle
42,/content/filtered_data/image_3257.png,middle
22,/content/filtered_data/image_3258.png,middle
22,/content/filtered_data/image_3259.png,middle
22,/content/filtered_data/image_3260.png,middle
38,/content/filtered_data/image_3261.png,middle
17,/content/filtered_data/image_3262.png,young
52,/content/filtered_data/image_3263.png,middle
89,/content/filtered_data/image_3264.png,old
4,/content/filtered_data/image_3265.png,young
55,/content/filtered_data/image_3266.png,middle
15,/content/filtered_data/image_3267.png,young
28,/content/filtered_data/image_3268.png,middle
15,/content/filtered_data/image_3269.png,young
44,/content/filtered_data/image_3270.png,middle
52,/content/filtered_data/image_3271.png,middle
21,/content/filtered_data/image_3272.png,middle
25,/content/filtered_data/image_3273.png,middle
22,/content/filtered_data/image_3274.png,middle
35,/content/filtered_data/image_3275.png,middle
23,/content/filtered_data/image_3276.png,middle
24,/content/filtered_data/image_3277.png,middle
20,/content/filtered_data/image_3278.png,middle
19,/content/filtered_data/image_3279.png,young
56,/content/filtered_data/image_3280.png,middle
22,/content/filtered_data/image_3281.png,middle
42,/content/filtered_data/image_3282.png,middle
37,/content/filtered_data/image_3283.png,middle
23,/content/filtered_data/image_3284.png,middle
27,/content/filtered_data/image_3285.png,middle
16,/content/filtered_data/image_3286.png,young
36,/content/filtered_data/image_3287.png,middle
30,/content/filtered_data/image_3288.png,middle
40,/content/filtered_data/image_3289.png,middle
26,/content/filtered_data/image_3290.png,middle
39,/content/filtered_data/image_3291.png,middle
25,/content/filtered_data/image_3292.png,middle
29,/content/filtered_data/image_3293.png,middle
24,/content/filtered_data/image_3294.png,middle
13,/content/filtered_data/image_3295.png,young
50,/content/filtered_data/image_3296.png,middle
18,/content/filtered_data/image_3297.png,young
26,/content/filtered_data/image_3298.png,middle
36,/content/filtered_data/image_3299.png,middle
31,/content/filtered_data/image_3300.png,middle
61,/content/filtered_data/image_3301.png,old
22,/content/filtered_data/image_3302.png,middle
28,/content/filtered_data/image_3303.png,middle
38,/content/filtered_data/image_3304.png,middle
47,/content/filtered_data/image_3305.png,middle
28,/content/filtered_data/image_3306.png,middle
44,/content/filtered_data/image_3307.png,middle
31,/content/filtered_data/image_3308.png,middle
24,/content/filtered_data/image_3309.png,middle
18,/content/filtered_data/image_3310.png,young
39,/content/filtered_data/image_3311.png,middle
41,/content/filtered_data/image_3312.png,middle
22,/content/filtered_data/image_3313.png,middle
18,/content/filtered_data/image_3314.png,young
51,/content/filtered_data/image_3315.png,middle
36,/content/filtered_data/image_3316.png,middle
28,/content/filtered_data/image_3317.png,middle
18,/content/filtered_data/image_3318.png,young
26,/content/filtered_data/image_3319.png,middle
22,/content/filtered_data/image_3320.png,middle
51,/content/filtered_data/image_3321.png,middle
28,/content/filtered_data/image_3322.png,middle
39,/content/filtered_data/image_3323.png,middle
32,/content/filtered_data/image_3324.png,middle
20,/content/filtered_data/image_3325.png,middle
27,/content/filtered_data/image_3326.png,middle
10,/content/filtered_data/image_3327.png,young
47,/content/filtered_data/image_3328.png,middle
26,/content/filtered_data/image_3329.png,middle
16,/content/filtered_data/image_3330.png,young
25,/content/filtered_data/image_3331.png,middle
21,/content/filtered_data/image_3332.png,middle
45,/content/filtered_data/image_3333.png,middle
28,/content/filtered_data/image_3334.png,middle
25,/content/filtered_data/image_3335.png,middle
4,/content/filtered_data/image_3336.png,young
36,/content/filtered_data/image_3337.png,middle
37,/content/filtered_data/image_3338.png,middle
36,/content/filtered_data/image_3339.png,middle
47,/content/filtered_data/image_3340.png,middle
15,/content/filtered_data/image_3341.png,young
37,/content/filtered_data/image_3342.png,middle
39,/content/filtered_data/image_3343.png,middle
60,/content/filtered_data/image_3344.png,middle
59,/content/filtered_data/image_3345.png,middle
38,/content/filtered_data/image_3346.png,middle
36,/content/filtered_data/image_3347.png,middle
25,/content/filtered_data/image_3348.png,middle
17,/content/filtered_data/image_3349.png,young
42,/content/filtered_data/image_3350.png,middle
16,/content/filtered_data/image_3351.png,young
33,/content/filtered_data/image_3352.png,middle
32,/content/filtered_data/image_3353.png,middle
14,/content/filtered_data/image_3354.png,young
26,/content/filtered_data/image_3355.png,middle
32,/content/filtered_data/image_3356.png,middle
18,/content/filtered_data/image_3357.png,young
26,/content/filtered_data/image_3358.png,middle
21,/content/filtered_data/image_3359.png,middle
16,/content/filtered_data/image_3360.png,young
30,/content/filtered_data/image_3361.png,middle
13,/content/filtered_data/image_3362.png,young
21,/content/filtered_data/image_3363.png,middle
16,/content/filtered_data/image_3364.png,young
15,/content/filtered_data/image_3365.png,young
30,/content/filtered_data/image_3366.png,middle
50,/content/filtered_data/image_3367.png,middle
43,/content/filtered_data/image_3368.png,middle
29,/content/filtered_data/image_3369.png,middle
25,/content/filtered_data/image_3370.png,middle
20,/content/filtered_data/image_3371.png,middle
41,/content/filtered_data/image_3372.png,middle
39,/content/filtered_data/image_3373.png,middle
61,/content/filtered_data/image_3374.png,old
43,/content/filtered_data/image_3375.png,middle
64,/content/filtered_data/image_3376.png,old
4,/content/filtered_data/image_3377.png,young
25,/content/filtered_data/image_3378.png,middle
36,/content/filtered_data/image_3379.png,middle
19,/content/filtered_data/image_3380.png,young
10,/content/filtered_data/image_3381.png,young
19,/content/filtered_data/image_3382.png,young
39,/content/filtered_data/image_3383.png,middle
22,/content/filtered_data/image_3384.png,middle
20,/content/filtered_data/image_3385.png,middle
53,/content/filtered_data/image_3386.png,middle
40,/content/filtered_data/image_3387.png,middle
20,/content/filtered_data/image_3388.png,middle
2,/content/filtered_data/image_3389.png,young
29,/content/filtered_data/image_3390.png,middle
38,/content/filtered_data/image_3391.png,middle
62,/content/filtered_data/image_3392.png,old
28,/content/filtered_data/image_3393.png,middle
43,/content/filtered_data/image_3394.png,middle
23,/content/filtered_data/image_3395.png,middle
14,/content/filtered_data/image_3396.png,young
21,/content/filtered_data/image_3397.png,middle
17,/content/filtered_data/image_3398.png,young
26,/content/filtered_data/image_3399.png,middle
24,/content/filtered_data/image_3400.png,middle
15,/content/filtered_data/image_3401.png,young
17,/content/filtered_data/image_3402.png,young
38,/content/filtered_data/image_3403.png,middle
27,/content/filtered_data/image_3404.png,middle
37,/content/filtered_data/image_3405.png,middle
28,/content/filtered_data/image_3406.png,middle
39,/content/filtered_data/image_3407.png,middle
37,/content/filtered_data/image_3408.png,middle
50,/content/filtered_data/image_3409.png,middle
29,/content/filtered_data/image_3410.png,middle
38,/content/filtered_data/image_3411.png,middle
15,/content/filtered_data/image_3412.png,young
15,/content/filtered_data/image_3413.png,young
36,/content/filtered_data/image_3414.png,middle
63,/content/filtered_data/image_3415.png,old
17,/content/filtered_data/image_3416.png,young
41,/content/filtered_data/image_3417.png,middle
67,/content/filtered_data/image_3418.png,old
6,/content/filtered_data/image_3419.png,young
33,/content/filtered_data/image_3420.png,middle
47,/content/filtered_data/image_3421.png,middle
23,/content/filtered_data/image_3422.png,middle
6,/content/filtered_data/image_3423.png,young
41,/content/filtered_data/image_3424.png,middle
23,/content/filtered_data/image_3425.png,middle
18,/content/filtered_data/image_3426.png,young
32,/content/filtered_data/image_3427.png,middle
23,/content/filtered_data/image_3428.png,middle
40,/content/filtered_data/image_3429.png,middle
16,/content/filtered_data/image_3430.png,young
2,/content/filtered_data/image_3431.png,young
33,/content/filtered_data/image_3432.png,middle
58,/content/filtered_data/image_3433.png,middle
40,/content/filtered_data/image_3434.png,middle
22,/content/filtered_data/image_3435.png,middle
36,/content/filtered_data/image_3436.png,middle
24,/content/filtered_data/image_3437.png,middle
33,/content/filtered_data/image_3438.png,middle
22,/content/filtered_data/image_3439.png,middle
19,/content/filtered_data/image_3440.png,young
33,/content/filtered_data/image_3441.png,middle
30,/content/filtered_data/image_3442.png,middle
21,/content/filtered_data/image_3443.png,middle
46,/content/filtered_data/image_3444.png,middle
36,/content/filtered_data/image_3445.png,middle
30,/content/filtered_data/image_3446.png,middle
18,/content/filtered_data/image_3447.png,young
29,/content/filtered_data/image_3448.png,middle
20,/content/filtered_data/image_3449.png,middle
38,/content/filtered_data/image_3450.png,middle
10,/content/filtered_data/image_3451.png,young
25,/content/filtered_data/image_3452.png,middle
25,/content/filtered_data/image_3453.png,middle
18,/content/filtered_data/image_3454.png,young
67,/content/filtered_data/image_3455.png,old
34,/content/filtered_data/image_3456.png,middle
27,/content/filtered_data/image_3457.png,middle
37,/content/filtered_data/image_3458.png,middle
51,/content/filtered_data/image_3459.png,middle
44,/content/filtered_data/image_3460.png,middle
32,/content/filtered_data/image_3461.png,middle
14,/content/filtered_data/image_3462.png,young
22,/content/filtered_data/image_3463.png,middle
33,/content/filtered_data/image_3464.png,middle
30,/content/filtered_data/image_3465.png,middle
30,/content/filtered_data/image_3466.png,middle
19,/content/filtered_data/image_3467.png,young
71,/content/filtered_data/image_3468.png,old
34,/content/filtered_data/image_3469.png,middle
30,/content/filtered_data/image_3470.png,middle
76,/content/filtered_data/image_3471.png,old
52,/content/filtered_data/image_3472.png,middle
33,/content/filtered_data/image_3473.png,middle
47,/content/filtered_data/image_3474.png,middle
30,/content/filtered_data/image_3475.png,middle
14,/content/filtered_data/image_3476.png,young
55,/content/filtered_data/image_3477.png,middle
25,/content/filtered_data/image_3478.png,middle
18,/content/filtered_data/image_3479.png,young
15,/content/filtered_data/image_3480.png,young
31,/content/filtered_data/image_3481.png,middle
30,/content/filtered_data/image_3482.png,middle
18,/content/filtered_data/image_3483.png,young
28,/content/filtered_data/image_3484.png,middle
70,/content/filtered_data/image_3485.png,old
56,/content/filtered_data/image_3486.png,middle
24,/content/filtered_data/image_3487.png,middle
27,/content/filtered_data/image_3488.png,middle
34,/content/filtered_data/image_3489.png,middle
42,/content/filtered_data/image_3490.png,middle
63,/content/filtered_data/image_3491.png,old
32,/content/filtered_data/image_3492.png,middle
16,/content/filtered_data/image_3493.png,young
40,/content/filtered_data/image_3494.png,middle
29,/content/filtered_data/image_3495.png,middle
45,/content/filtered_data/image_3496.png,middle
30,/content/filtered_data/image_3497.png,middle
42,/content/filtered_data/image_3498.png,middle
46,/content/filtered_data/image_3499.png,middle
31,/content/filtered_data/image_3500.png,middle
19,/content/filtered_data/image_3501.png,young
19,/content/filtered_data/image_3502.png,young
32,/content/filtered_data/image_3503.png,middle
33,/content/filtered_data/image_3504.png,middle
30,/content/filtered_data/image_3505.png,middle
9,/content/filtered_data/image_3506.png,young
30,/content/filtered_data/image_3507.png,middle
23,/content/filtered_data/image_3508.png,middle
48,/content/filtered_data/image_3509.png,middle
27,/content/filtered_data/image_3510.png,middle
44,/content/filtered_data/image_3511.png,middle
11,/content/filtered_data/image_3512.png,young
65,/content/filtered_data/image_3513.png,old
15,/content/filtered_data/image_3514.png,young
28,/content/filtered_data/image_3515.png,middle
77,/content/filtered_data/image_3516.png,old
34,/content/filtered_data/image_3517.png,middle
21,/content/filtered_data/image_3518.png,middle
36,/content/filtered_data/image_3519.png,middle
27,/content/filtered_data/image_3520.png,middle
24,/content/filtered_data/image_3521.png,middle
32,/content/filtered_data/image_3522.png,middle
16,/content/filtered_data/image_3523.png,young
29,/content/filtered_data/image_3524.png,middle
24,/content/filtered_data/image_3525.png,middle
37,/content/filtered_data/image_3526.png,middle
31,/content/filtered_data/image_3527.png,middle
15,/content/filtered_data/image_3528.png,young
31,/content/filtered_data/image_3529.png,middle
27,/content/filtered_data/image_3530.png,middle
25,/content/filtered_data/image_3531.png,middle
39,/content/filtered_data/image_3532.png,middle
17,/content/filtered_data/image_3533.png,young
50,/content/filtered_data/image_3534.png,middle
40,/content/filtered_data/image_3535.png,middle
57,/content/filtered_data/image_3536.png,middle
16,/content/filtered_data/image_3537.png,young
45,/content/filtered_data/image_3538.png,middle
20,/content/filtered_data/image_3539.png,middle
43,/content/filtered_data/image_3540.png,middle
22,/content/filtered_data/image_3541.png,middle
42,/content/filtered_data/image_3542.png,middle
40,/content/filtered_data/image_3543.png,middle
8,/content/filtered_data/image_3544.png,young
36,/content/filtered_data/image_3545.png,middle
57,/content/filtered_data/image_3546.png,middle
34,/content/filtered_data/image_3547.png,middle
49,/content/filtered_data/image_3548.png,middle
17,/content/filtered_data/image_3549.png,young
25,/content/filtered_data/image_3550.png,middle
52,/content/filtered_data/image_3551.png,middle
17,/content/filtered_data/image_3552.png,young
18,/content/filtered_data/image_3553.png,young
42,/content/filtered_data/image_3554.png,middle
25,/content/filtered_data/image_3555.png,middle
43,/content/filtered_data/image_3556.png,middle
13,/content/filtered_data/image_3557.png,young
37,/content/filtered_data/image_3558.png,middle
24,/content/filtered_data/image_3559.png,middle
47,/content/filtered_data/image_3560.png,middle
29,/content/filtered_data/image_3561.png,middle
47,/content/filtered_data/image_3562.png,middle
22,/content/filtered_data/image_3563.png,middle
22,/content/filtered_data/image_3564.png,middle
37,/content/filtered_data/image_3565.png,middle
17,/content/filtered_data/image_3566.png,young
28,/content/filtered_data/image_3567.png,middle
32,/content/filtered_data/image_3568.png,middle
44,/content/filtered_data/image_3569.png,middle
70,/content/filtered_data/image_3570.png,old
6,/content/filtered_data/image_3571.png,young
72,/content/filtered_data/image_3572.png,old
36,/content/filtered_data/image_3573.png,middle
14,/content/filtered_data/image_3574.png,young
26,/content/filtered_data/image_3575.png,middle
12,/content/filtered_data/image_3576.png,young
29,/content/filtered_data/image_3577.png,middle
28,/content/filtered_data/image_3578.png,middle
35,/content/filtered_data/image_3579.png,middle
33,/content/filtered_data/image_3580.png,middle
66,/content/filtered_data/image_3581.png,old
15,/content/filtered_data/image_3582.png,young
27,/content/filtered_data/image_3583.png,middle
69,/content/filtered_data/image_3584.png,old
15,/content/filtered_data/image_3585.png,young
17,/content/filtered_data/image_3586.png,young
40,/content/filtered_data/image_3587.png,middle
51,/content/filtered_data/image_3588.png,middle
18,/content/filtered_data/image_3589.png,young
52,/content/filtered_data/image_3590.png,middle
4,/content/filtered_data/image_3591.png,young
23,/content/filtered_data/image_3592.png,middle
51,/content/filtered_data/image_3593.png,middle
45,/content/filtered_data/image_3594.png,middle
29,/content/filtered_data/image_3595.png,middle
84,/content/filtered_data/image_3596.png,old
20,/content/filtered_data/image_3597.png,middle
46,/content/filtered_data/image_3598.png,middle
38,/content/filtered_data/image_3599.png,middle
15,/content/filtered_data/image_3600.png,young
22,/content/filtered_data/image_3601.png,middle
35,/content/filtered_data/image_3602.png,middle
28,/content/filtered_data/image_3603.png,middle
24,/content/filtered_data/image_3604.png,middle
49,/content/filtered_data/image_3605.png,middle
36,/content/filtered_data/image_3606.png,middle
22,/content/filtered_data/image_3607.png,middle
44,/content/filtered_data/image_3608.png,middle
53,/content/filtered_data/image_3609.png,middle
33,/content/filtered_data/image_3610.png,middle
21,/content/filtered_data/image_3611.png,middle
42,/content/filtered_data/image_3612.png,middle
22,/content/filtered_data/image_3613.png,middle
28,/content/filtered_data/image_3614.png,middle
14,/content/filtered_data/image_3615.png,young
17,/content/filtered_data/image_3616.png,young
25,/content/filtered_data/image_3617.png,middle
30,/content/filtered_data/image_3618.png,middle
44,/content/filtered_data/image_3619.png,middle
36,/content/filtered_data/image_3620.png,middle
8,/content/filtered_data/image_3621.png,young
26,/content/filtered_data/image_3622.png,middle
76,/content/filtered_data/image_3623.png,old
16,/content/filtered_data/image_3624.png,young
12,/content/filtered_data/image_3625.png,young
44,/content/filtered_data/image_3626.png,middle
46,/content/filtered_data/image_3627.png,middle
3,/content/filtered_data/image_3628.png,young
24,/content/filtered_data/image_3629.png,middle
43,/content/filtered_data/image_3630.png,middle
35,/content/filtered_data/image_3631.png,middle
50,/content/filtered_data/image_3632.png,middle
16,/content/filtered_data/image_3633.png,young
45,/content/filtered_data/image_3634.png,middle
15,/content/filtered_data/image_3635.png,young
37,/content/filtered_data/image_3636.png,middle
62,/content/filtered_data/image_3637.png,old
32,/content/filtered_data/image_3638.png,middle
23,/content/filtered_data/image_3639.png,middle
34,/content/filtered_data/image_3640.png,middle
19,/content/filtered_data/image_3641.png,young
47,/content/filtered_data/image_3642.png,middle
18,/content/filtered_data/image_3643.png,young
27,/content/filtered_data/image_3644.png,middle
1,/content/filtered_data/image_3645.png,young
38,/content/filtered_data/image_3646.png,middle
47,/content/filtered_data/image_3647.png,middle
69,/content/filtered_data/image_3648.png,old
56,/content/filtered_data/image_3649.png,middle
27,/content/filtered_data/image_3650.png,middle
35,/content/filtered_data/image_3651.png,middle
74,/content/filtered_data/image_3652.png,old
41,/content/filtered_data/image_3653.png,middle
24,/content/filtered_data/image_3654.png,middle
58,/content/filtered_data/image_3655.png,middle
38,/content/filtered_data/image_3656.png,middle
35,/content/filtered_data/image_3657.png,middle
37,/content/filtered_data/image_3658.png,middle
38,/content/filtered_data/image_3659.png,middle
24,/content/filtered_data/image_3660.png,middle
35,/content/filtered_data/image_3661.png,middle
25,/content/filtered_data/image_3662.png,middle
27,/content/filtered_data/image_3663.png,middle
23,/content/filtered_data/image_3664.png,middle
23,/content/filtered_data/image_3665.png,middle
23,/content/filtered_data/image_3666.png,middle
39,/content/filtered_data/image_3667.png,middle
20,/content/filtered_data/image_3668.png,middle
54,/content/filtered_data/image_3669.png,middle
23,/content/filtered_data/image_3670.png,middle
18,/content/filtered_data/image_3671.png,young
38,/content/filtered_data/image_3672.png,middle
20,/content/filtered_data/image_3673.png,middle
70,/content/filtered_data/image_3674.png,old
30,/content/filtered_data/image_3675.png,middle
41,/content/filtered_data/image_3676.png,middle
15,/content/filtered_data/image_3677.png,young
28,/content/filtered_data/image_3678.png,middle
19,/content/filtered_data/image_3679.png,young
40,/content/filtered_data/image_3680.png,middle
67,/content/filtered_data/image_3681.png,old
31,/content/filtered_data/image_3682.png,middle
27,/content/filtered_data/image_3683.png,middle
29,/content/filtered_data/image_3684.png,middle
25,/content/filtered_data/image_3685.png,middle
16,/content/filtered_data/image_3686.png,young
40,/content/filtered_data/image_3687.png,middle
24,/content/filtered_data/image_3688.png,middle
32,/content/filtered_data/image_3689.png,middle
84,/content/filtered_data/image_3690.png,old
37,/content/filtered_data/image_3691.png,middle
35,/content/filtered_data/image_3692.png,middle
41,/content/filtered_data/image_3693.png,middle
59,/content/filtered_data/image_3694.png,middle
18,/content/filtered_data/image_3695.png,young
18,/content/filtered_data/image_3696.png,young
27,/content/filtered_data/image_3697.png,middle
34,/content/filtered_data/image_3698.png,middle
31,/content/filtered_data/image_3699.png,middle
25,/content/filtered_data/image_3700.png,middle
35,/content/filtered_data/image_3701.png,middle
23,/content/filtered_data/image_3702.png,middle
13,/content/filtered_data/image_3703.png,young
13,/content/filtered_data/image_3704.png,young
19,/content/filtered_data/image_3705.png,young
30,/content/filtered_data/image_3706.png,middle
28,/content/filtered_data/image_3707.png,middle
32,/content/filtered_data/image_3708.png,middle
20,/content/filtered_data/image_3709.png,middle
59,/content/filtered_data/image_3710.png,middle
22,/content/filtered_data/image_3711.png,middle
24,/content/filtered_data/image_3712.png,middle
25,/content/filtered_data/image_3713.png,middle
26,/content/filtered_data/image_3714.png,middle
43,/content/filtered_data/image_3715.png,middle
21,/content/filtered_data/image_3716.png,middle
18,/content/filtered_data/image_3717.png,young
24,/content/filtered_data/image_3718.png,middle
38,/content/filtered_data/image_3719.png,middle
41,/content/filtered_data/image_3720.png,middle
26,/content/filtered_data/image_3721.png,middle
18,/content/filtered_data/image_3722.png,young
35,/content/filtered_data/image_3723.png,middle
44,/content/filtered_data/image_3724.png,middle
21,/content/filtered_data/image_3725.png,middle
14,/content/filtered_data/image_3726.png,young
21,/content/filtered_data/image_3727.png,middle
46,/content/filtered_data/image_3728.png,middle
25,/content/filtered_data/image_3729.png,middle
68,/content/filtered_data/image_3730.png,old
25,/content/filtered_data/image_3731.png,middle
28,/content/filtered_data/image_3732.png,middle
25,/content/filtered_data/image_3733.png,middle
28,/content/filtered_data/image_3734.png,middle
23,/content/filtered_data/image_3735.png,middle
19,/content/filtered_data/image_3736.png,young
40,/content/filtered_data/image_3737.png,middle
5,/content/filtered_data/image_3738.png,young
19,/content/filtered_data/image_3739.png,young
30,/content/filtered_data/image_3740.png,middle
14,/content/filtered_data/image_3741.png,young
28,/content/filtered_data/image_3742.png,middle
31,/content/filtered_data/image_3743.png,middle
18,/content/filtered_data/image_3744.png,young
38,/content/filtered_data/image_3745.png,middle
28,/content/filtered_data/image_3746.png,middle
27,/content/filtered_data/image_3747.png,middle
24,/content/filtered_data/image_3748.png,middle
26,/content/filtered_data/image_3749.png,middle
23,/content/filtered_data/image_3750.png,middle
23,/content/filtered_data/image_3751.png,middle
28,/content/filtered_data/image_3752.png,middle
33,/content/filtered_data/image_3753.png,middle
33,/content/filtered_data/image_3754.png,middle
14,/content/filtered_data/image_3755.png,young
4,/content/filtered_data/image_3756.png,young
30,/content/filtered_data/image_3757.png,middle
17,/content/filtered_data/image_3758.png,young
2,/content/filtered_data/image_3759.png,young
30,/content/filtered_data/image_3760.png,middle
26,/content/filtered_data/image_3761.png,middle
18,/content/filtered_data/image_3762.png,young
31,/content/filtered_data/image_3763.png,middle
27,/content/filtered_data/image_3764.png,middle
29,/content/filtered_data/image_3765.png,middle
26,/content/filtered_data/image_3766.png,middle
23,/content/filtered_data/image_3767.png,middle
22,/content/filtered_data/image_3768.png,middle
50,/content/filtered_data/image_3769.png,middle
16,/content/filtered_data/image_3770.png,young
19,/content/filtered_data/image_3771.png,young
17,/content/filtered_data/image_3772.png,young
18,/content/filtered_data/image_3773.png,young
19,/content/filtered_data/image_3774.png,young
43,/content/filtered_data/image_3775.png,middle
49,/content/filtered_data/image_3776.png,middle
53,/content/filtered_data/image_3777.png,middle
37,/content/filtered_data/image_3778.png,middle
18,/content/filtered_data/image_3779.png,young
16,/content/filtered_data/image_3780.png,young
56,/content/filtered_data/image_3781.png,middle
53,/content/filtered_data/image_3782.png,middle
23,/content/filtered_data/image_3783.png,middle
30,/content/filtered_data/image_3784.png,middle
28,/content/filtered_data/image_3785.png,middle
45,/content/filtered_data/image_3786.png,middle
20,/content/filtered_data/image_3787.png,middle
33,/content/filtered_data/image_3788.png,middle
40,/content/filtered_data/image_3789.png,middle
23,/content/filtered_data/image_3790.png,middle
7,/content/filtered_data/image_3791.png,young
40,/content/filtered_data/image_3792.png,middle
30,/content/filtered_data/image_3793.png,middle
51,/content/filtered_data/image_3794.png,middle
21,/content/filtered_data/image_3795.png,middle
31,/content/filtered_data/image_3796.png,middle
38,/content/filtered_data/image_3797.png,middle
1,/content/filtered_data/image_3798.png,young
29,/content/filtered_data/image_3799.png,middle
7,/content/filtered_data/image_3800.png,young
25,/content/filtered_data/image_3801.png,middle
17,/content/filtered_data/image_3802.png,young
21,/content/filtered_data/image_3803.png,middle
39,/content/filtered_data/image_3804.png,middle
58,/content/filtered_data/image_3805.png,middle
54,/content/filtered_data/image_3806.png,middle
21,/content/filtered_data/image_3807.png,middle
30,/content/filtered_data/image_3808.png,middle
2,/content/filtered_data/image_3809.png,young
41,/content/filtered_data/image_3810.png,middle
49,/content/filtered_data/image_3811.png,middle
55,/content/filtered_data/image_3812.png,middle
23,/content/filtered_data/image_3813.png,middle
55,/content/filtered_data/image_3814.png,middle
25,/content/filtered_data/image_3815.png,middle
14,/content/filtered_data/image_3816.png,young
30,/content/filtered_data/image_3817.png,middle
28,/content/filtered_data/image_3818.png,middle
1,/content/filtered_data/image_3819.png,young
48,/content/filtered_data/image_3820.png,middle
25,/content/filtered_data/image_3821.png,middle
32,/content/filtered_data/image_3822.png,middle
4,/content/filtered_data/image_3823.png,young
17,/content/filtered_data/image_3824.png,young
52,/content/filtered_data/image_3825.png,middle
14,/content/filtered_data/image_3826.png,young
3,/content/filtered_data/image_3827.png,young
24,/content/filtered_data/image_3828.png,middle
30,/content/filtered_data/image_3829.png,middle
19,/content/filtered_data/image_3830.png,young
28,/content/filtered_data/image_3831.png,middle
29,/content/filtered_data/image_3832.png,middle
21,/content/filtered_data/image_3833.png,middle
32,/content/filtered_data/image_3834.png,middle
30,/content/filtered_data/image_3835.png,middle
15,/content/filtered_data/image_3836.png,young
6,/content/filtered_data/image_3837.png,young
30,/content/filtered_data/image_3838.png,middle
22,/content/filtered_data/image_3839.png,middle
36,/content/filtered_data/image_3840.png,middle
32,/content/filtered_data/image_3841.png,middle
18,/content/filtered_data/image_3842.png,young
34,/content/filtered_data/image_3843.png,middle
47,/content/filtered_data/image_3844.png,middle
28,/content/filtered_data/image_3845.png,middle
77,/content/filtered_data/image_3846.png,old
13,/content/filtered_data/image_3847.png,young
72,/content/filtered_data/image_3848.png,old
61,/content/filtered_data/image_3849.png,old
43,/content/filtered_data/image_3850.png,middle
21,/content/filtered_data/image_3851.png,middle
41,/content/filtered_data/image_3852.png,middle
38,/content/filtered_data/image_3853.png,middle
47,/content/filtered_data/image_3854.png,middle
21,/content/filtered_data/image_3855.png,middle
26,/content/filtered_data/image_3856.png,middle
33,/content/filtered_data/image_3857.png,middle
26,/content/filtered_data/image_3858.png,middle
20,/content/filtered_data/image_3859.png,middle
48,/content/filtered_data/image_3860.png,middle
35,/content/filtered_data/image_3861.png,middle
27,/content/filtered_data/image_3862.png,middle
35,/content/filtered_data/image_3863.png,middle
1,/content/filtered_data/image_3864.png,young
35,/content/filtered_data/image_3865.png,middle
27,/content/filtered_data/image_3866.png,middle
49,/content/filtered_data/image_3867.png,middle
49,/content/filtered_data/image_3868.png,middle
47,/content/filtered_data/image_3869.png,middle
55,/content/filtered_data/image_3870.png,middle
19,/content/filtered_data/image_3871.png,young
28,/content/filtered_data/image_3872.png,middle
22,/content/filtered_data/image_3873.png,middle
23,/content/filtered_data/image_3874.png,middle
32,/content/filtered_data/image_3875.png,middle
22,/content/filtered_data/image_3876.png,middle
16,/content/filtered_data/image_3877.png,young
23,/content/filtered_data/image_3878.png,middle
20,/content/filtered_data/image_3879.png,middle
52,/content/filtered_data/image_3880.png,middle
14,/content/filtered_data/image_3881.png,young
35,/content/filtered_data/image_3882.png,middle
51,/content/filtered_data/image_3883.png,middle
20,/content/filtered_data/image_3884.png,middle
22,/content/filtered_data/image_3885.png,middle
58,/content/filtered_data/image_3886.png,middle
15,/content/filtered_data/image_3887.png,young
25,/content/filtered_data/image_3888.png,middle
38,/content/filtered_data/image_3889.png,middle
11,/content/filtered_data/image_3890.png,young
23,/content/filtered_data/image_3891.png,middle
27,/content/filtered_data/image_3892.png,middle
17,/content/filtered_data/image_3893.png,young
58,/content/filtered_data/image_3894.png,middle
27,/content/filtered_data/image_3895.png,middle
26,/content/filtered_data/image_3896.png,middle
53,/content/filtered_data/image_3897.png,middle
21,/content/filtered_data/image_3898.png,middle
24,/content/filtered_data/image_3899.png,middle
17,/content/filtered_data/image_3900.png,young
20,/content/filtered_data/image_3901.png,middle
23,/content/filtered_data/image_3902.png,middle
41,/content/filtered_data/image_3903.png,middle
39,/content/filtered_data/image_3904.png,middle
31,/content/filtered_data/image_3905.png,middle
28,/content/filtered_data/image_3906.png,middle
43,/content/filtered_data/image_3907.png,middle
33,/content/filtered_data/image_3908.png,middle
1,/content/filtered_data/image_3909.png,young
16,/content/filtered_data/image_3910.png,young
30,/content/filtered_data/image_3911.png,middle
17,/content/filtered_data/image_3912.png,young
29,/content/filtered_data/image_3913.png,middle
35,/content/filtered_data/image_3914.png,middle
27,/content/filtered_data/image_3915.png,middle
27,/content/filtered_data/image_3916.png,middle
43,/content/filtered_data/image_3917.png,middle
19,/content/filtered_data/image_3918.png,young
24,/content/filtered_data/image_3919.png,middle
2,/content/filtered_data/image_3920.png,young
15,/content/filtered_data/image_3921.png,young
29,/content/filtered_data/image_3922.png,middle
12,/content/filtered_data/image_3923.png,young
14,/content/filtered_data/image_3924.png,young
17,/content/filtered_data/image_3925.png,young
46,/content/filtered_data/image_3926.png,middle
51,/content/filtered_data/image_3927.png,middle
46,/content/filtered_data/image_3928.png,middle
42,/content/filtered_data/image_3929.png,middle
52,/content/filtered_data/image_3930.png,middle
35,/content/filtered_data/image_3931.png,middle
39,/content/filtered_data/image_3932.png,middle
19,/content/filtered_data/image_3933.png,young
24,/content/filtered_data/image_3934.png,middle
51,/content/filtered_data/image_3935.png,middle
24,/content/filtered_data/image_3936.png,middle
42,/content/filtered_data/image_3937.png,middle
15,/content/filtered_data/image_3938.png,young
38,/content/filtered_data/image_3939.png,middle
27,/content/filtered_data/image_3940.png,middle
26,/content/filtered_data/image_3941.png,middle
21,/content/filtered_data/image_3942.png,middle
38,/content/filtered_data/image_3943.png,middle
37,/content/filtered_data/image_3944.png,middle
38,/content/filtered_data/image_3945.png,middle
26,/content/filtered_data/image_3946.png,middle
32,/content/filtered_data/image_3947.png,middle
59,/content/filtered_data/image_3948.png,middle
22,/content/filtered_data/image_3949.png,middle
24,/content/filtered_data/image_3950.png,middle
42,/content/filtered_data/image_3951.png,middle
46,/content/filtered_data/image_3952.png,middle
21,/content/filtered_data/image_3953.png,middle
25,/content/filtered_data/image_3954.png,middle
32,/content/filtered_data/image_3955.png,middle
52,/content/filtered_data/image_3956.png,middle
48,/content/filtered_data/image_3957.png,middle
58,/content/filtered_data/image_3958.png,middle
28,/content/filtered_data/image_3959.png,middle
44,/content/filtered_data/image_3960.png,middle
26,/content/filtered_data/image_3961.png,middle
27,/content/filtered_data/image_3962.png,middle
54,/content/filtered_data/image_3963.png,middle
61,/content/filtered_data/image_3964.png,old
19,/content/filtered_data/image_3965.png,young
38,/content/filtered_data/image_3966.png,middle
25,/content/filtered_data/image_3967.png,middle
18,/content/filtered_data/image_3968.png,young
39,/content/filtered_data/image_3969.png,middle
24,/content/filtered_data/image_3970.png,middle
23,/content/filtered_data/image_3971.png,middle
51,/content/filtered_data/image_3972.png,middle
62,/content/filtered_data/image_3973.png,old
18,/content/filtered_data/image_3974.png,young
44,/content/filtered_data/image_3975.png,middle
34,/content/filtered_data/image_3976.png,middle
47,/content/filtered_data/image_3977.png,middle
39,/content/filtered_data/image_3978.png,middle
15,/content/filtered_data/image_3979.png,young
70,/content/filtered_data/image_3980.png,old
34,/content/filtered_data/image_3981.png,middle
15,/content/filtered_data/image_3982.png,young
34,/content/filtered_data/image_3983.png,middle
20,/content/filtered_data/image_3984.png,middle
12,/content/filtered_data/image_3985.png,young
14,/content/filtered_data/image_3986.png,young
25,/content/filtered_data/image_3987.png,middle
22,/content/filtered_data/image_3988.png,middle
17,/content/filtered_data/image_3989.png,young
28,/content/filtered_data/image_3990.png,middle
32,/content/filtered_data/image_3991.png,middle
20,/content/filtered_data/image_3992.png,middle
44,/content/filtered_data/image_3993.png,middle
23,/content/filtered_data/image_3994.png,middle
15,/content/filtered_data/image_3995.png,young
26,/content/filtered_data/image_3996.png,middle
39,/content/filtered_data/image_3997.png,middle
22,/content/filtered_data/image_3998.png,middle
19,/content/filtered_data/image_3999.png,young
27,/content/filtered_data/image_4000.png,middle
41,/content/filtered_data/image_4001.png,middle
30,/content/filtered_data/image_4002.png,middle
63,/content/filtered_data/image_4003.png,old
30,/content/filtered_data/image_4004.png,middle
32,/content/filtered_data/image_4005.png,middle
28,/content/filtered_data/image_4006.png,middle
37,/content/filtered_data/image_4007.png,middle
27,/content/filtered_data/image_4008.png,middle
25,/content/filtered_data/image_4009.png,middle
50,/content/filtered_data/image_4010.png,middle
40,/content/filtered_data/image_4011.png,middle
30,/content/filtered_data/image_4012.png,middle
58,/content/filtered_data/image_4013.png,middle
24,/content/filtered_data/image_4014.png,middle
33,/content/filtered_data/image_4015.png,middle
20,/content/filtered_data/image_4016.png,middle
33,/content/filtered_data/image_4017.png,middle
41,/content/filtered_data/image_4018.png,middle
25,/content/filtered_data/image_4019.png,middle
23,/content/filtered_data/image_4020.png,middle
23,/content/filtered_data/image_4021.png,middle
45,/content/filtered_data/image_4022.png,middle
29,/content/filtered_data/image_4023.png,middle
56,/content/filtered_data/image_4024.png,middle
23,/content/filtered_data/image_4025.png,middle
18,/content/filtered_data/image_4026.png,young
22,/content/filtered_data/image_4027.png,middle
35,/content/filtered_data/image_4028.png,middle
15,/content/filtered_data/image_4029.png,young
27,/content/filtered_data/image_4030.png,middle
24,/content/filtered_data/image_4031.png,middle
20,/content/filtered_data/image_4032.png,middle
14,/content/filtered_data/image_4033.png,young
65,/content/filtered_data/image_4034.png,old
16,/content/filtered_data/image_4035.png,young
38,/content/filtered_data/image_4036.png,middle
64,/content/filtered_data/image_4037.png,old
50,/content/filtered_data/image_4038.png,middle
22,/content/filtered_data/image_4039.png,middle
48,/content/filtered_data/image_4040.png,middle
20,/content/filtered_data/image_4041.png,middle
17,/content/filtered_data/image_4042.png,young
38,/content/filtered_data/image_4043.png,middle
29,/content/filtered_data/image_4044.png,middle
33,/content/filtered_data/image_4045.png,middle
29,/content/filtered_data/image_4046.png,middle
47,/content/filtered_data/image_4047.png,middle
28,/content/filtered_data/image_4048.png,middle
61,/content/filtered_data/image_4049.png,old
14,/content/filtered_data/image_4050.png,young
34,/content/filtered_data/image_4051.png,middle
24,/content/filtered_data/image_4052.png,middle
27,/content/filtered_data/image_4053.png,middle
15,/content/filtered_data/image_4054.png,young
23,/content/filtered_data/image_4055.png,middle
31,/content/filtered_data/image_4056.png,middle
26,/content/filtered_data/image_4057.png,middle
16,/content/filtered_data/image_4058.png,young
16,/content/filtered_data/image_4059.png,young
28,/content/filtered_data/image_4060.png,middle
12,/content/filtered_data/image_4061.png,young
38,/content/filtered_data/image_4062.png,middle
28,/content/filtered_data/image_4063.png,middle
47,/content/filtered_data/image_4064.png,middle
33,/content/filtered_data/image_4065.png,middle
37,/content/filtered_data/image_4066.png,middle
19,/content/filtered_data/image_4067.png,young
39,/content/filtered_data/image_4068.png,middle
29,/content/filtered_data/image_4069.png,middle
29,/content/filtered_data/image_4070.png,middle
26,/content/filtered_data/image_4071.png,middle
12,/content/filtered_data/image_4072.png,young
22,/content/filtered_data/image_4073.png,middle
32,/content/filtered_data/image_4074.png,middle
47,/content/filtered_data/image_4075.png,middle
21,/content/filtered_data/image_4076.png,middle
59,/content/filtered_data/image_4077.png,middle
19,/content/filtered_data/image_4078.png,young
20,/content/filtered_data/image_4079.png,middle
5,/content/filtered_data/image_4080.png,young
32,/content/filtered_data/image_4081.png,middle
37,/content/filtered_data/image_4082.png,middle
19,/content/filtered_data/image_4083.png,young
40,/content/filtered_data/image_4084.png,middle
22,/content/filtered_data/image_4085.png,middle
18,/content/filtered_data/image_4086.png,young
56,/content/filtered_data/image_4087.png,middle
20,/content/filtered_data/image_4088.png,middle
34,/content/filtered_data/image_4089.png,middle
41,/content/filtered_data/image_4090.png,middle
36,/content/filtered_data/image_4091.png,middle
41,/content/filtered_data/image_4092.png,middle
53,/content/filtered_data/image_4093.png,middle
35,/content/filtered_data/image_4094.png,middle
28,/content/filtered_data/image_4095.png,middle
20,/content/filtered_data/image_4096.png,middle
29,/content/filtered_data/image_4097.png,middle
25,/content/filtered_data/image_4098.png,middle
37,/content/filtered_data/image_4099.png,middle
80,/content/filtered_data/image_4100.png,old
25,/content/filtered_data/image_4101.png,middle
18,/content/filtered_data/image_4102.png,young
24,/content/filtered_data/image_4103.png,middle
1,/content/filtered_data/image_4104.png,young
5,/content/filtered_data/image_4105.png,young
1,/content/filtered_data/image_4106.png,young
30,/content/filtered_data/image_4107.png,middle
52,/content/filtered_data/image_4108.png,middle
25,/content/filtered_data/image_4109.png,middle
28,/content/filtered_data/image_4110.png,middle
1,/content/filtered_data/image_4111.png,young
48,/content/filtered_data/image_4112.png,middle
2,/content/filtered_data/image_4113.png,young
60,/content/filtered_data/image_4114.png,middle
47,/content/filtered_data/image_4115.png,middle
26,/content/filtered_data/image_4116.png,middle
40,/content/filtered_data/image_4117.png,middle
43,/content/filtered_data/image_4118.png,middle
31,/content/filtered_data/image_4119.png,middle
40,/content/filtered_data/image_4120.png,middle
27,/content/filtered_data/image_4121.png,middle
6,/content/filtered_data/image_4122.png,young
27,/content/filtered_data/image_4123.png,middle
27,/content/filtered_data/image_4124.png,middle
1,/content/filtered_data/image_4125.png,young
41,/content/filtered_data/image_4126.png,middle
21,/content/filtered_data/image_4127.png,middle
76,/content/filtered_data/image_4128.png,old
2,/content/filtered_data/image_4129.png,young
46,/content/filtered_data/image_4130.png,middle
80,/content/filtered_data/image_4131.png,old
27,/content/filtered_data/image_4132.png,middle
37,/content/filtered_data/image_4133.png,middle
18,/content/filtered_data/image_4134.png,young
22,/content/filtered_data/image_4135.png,middle
53,/content/filtered_data/image_4136.png,middle
1,/content/filtered_data/image_4137.png,young
1,/content/filtered_data/image_4138.png,young
44,/content/filtered_data/image_4139.png,middle
45,/content/filtered_data/image_4140.png,middle
6,/content/filtered_data/image_4141.png,young
1,/content/filtered_data/image_4142.png,young
69,/content/filtered_data/image_4143.png,old
35,/content/filtered_data/image_4144.png,middle
50,/content/filtered_data/image_4145.png,middle
26,/content/filtered_data/image_4146.png,middle
20,/content/filtered_data/image_4147.png,middle
30,/content/filtered_data/image_4148.png,middle
53,/content/filtered_data/image_4149.png,middle
22,/content/filtered_data/image_4150.png,middle
26,/content/filtered_data/image_4151.png,middle
27,/content/filtered_data/image_4152.png,middle
26,/content/filtered_data/image_4153.png,middle
22,/content/filtered_data/image_4154.png,middle
36,/content/filtered_data/image_4155.png,middle
43,/content/filtered_data/image_4156.png,middle
32,/content/filtered_data/image_4157.png,middle
55,/content/filtered_data/image_4158.png,middle
9,/content/filtered_data/image_4159.png,young
28,/content/filtered_data/image_4160.png,middle
69,/content/filtered_data/image_4161.png,old
10,/content/filtered_data/image_4162.png,young
60,/content/filtered_data/image_4163.png,middle
24,/content/filtered_data/image_4164.png,middle
61,/content/filtered_data/image_4165.png,old
17,/content/filtered_data/image_4166.png,young
30,/content/filtered_data/image_4167.png,middle
38,/content/filtered_data/image_4168.png,middle
29,/content/filtered_data/image_4169.png,middle
38,/content/filtered_data/image_4170.png,middle
24,/content/filtered_data/image_4171.png,middle
10,/content/filtered_data/image_4172.png,young
17,/content/filtered_data/image_4173.png,young
6,/content/filtered_data/image_4174.png,young
16,/content/filtered_data/image_4175.png,young
46,/content/filtered_data/image_4176.png,middle
18,/content/filtered_data/image_4177.png,young
23,/content/filtered_data/image_4178.png,middle
20,/content/filtered_data/image_4179.png,middle
7,/content/filtered_data/image_4180.png,young
26,/content/filtered_data/image_4181.png,middle
62,/content/filtered_data/image_4182.png,old
25,/content/filtered_data/image_4183.png,middle
27,/content/filtered_data/image_4184.png,middle
1,/content/filtered_data/image_4185.png,young
18,/content/filtered_data/image_4186.png,young
46,/content/filtered_data/image_4187.png,middle
22,/content/filtered_data/image_4188.png,middle
37,/content/filtered_data/image_4189.png,middle
55,/content/filtered_data/image_4190.png,middle
24,/content/filtered_data/image_4191.png,middle
1,/content/filtered_data/image_4192.png,young
30,/content/filtered_data/image_4193.png,middle
41,/content/filtered_data/image_4194.png,middle
30,/content/filtered_data/image_4195.png,middle
18,/content/filtered_data/image_4196.png,young
65,/content/filtered_data/image_4197.png,old
36,/content/filtered_data/image_4198.png,middle
28,/content/filtered_data/image_4199.png,middle
14,/content/filtered_data/image_4200.png,young
28,/content/filtered_data/image_4201.png,middle
4,/content/filtered_data/image_4202.png,young
19,/content/filtered_data/image_4203.png,young
70,/content/filtered_data/image_4204.png,old
25,/content/filtered_data/image_4205.png,middle
6,/content/filtered_data/image_4206.png,young
17,/content/filtered_data/image_4207.png,young
6,/content/filtered_data/image_4208.png,young
16,/content/filtered_data/image_4209.png,young
31,/content/filtered_data/image_4210.png,middle
30,/content/filtered_data/image_4211.png,middle
36,/content/filtered_data/image_4212.png,middle
15,/content/filtered_data/image_4213.png,young
30,/content/filtered_data/image_4214.png,middle
19,/content/filtered_data/image_4215.png,young
33,/content/filtered_data/image_4216.png,middle
49,/content/filtered_data/image_4217.png,middle
55,/content/filtered_data/image_4218.png,middle
23,/content/filtered_data/image_4219.png,middle
23,/content/filtered_data/image_4220.png,middle
90,/content/filtered_data/image_4221.png,old
40,/content/filtered_data/image_4222.png,middle
1,/content/filtered_data/image_4223.png,young
31,/content/filtered_data/image_4224.png,middle
19,/content/filtered_data/image_4225.png,young
20,/content/filtered_data/image_4226.png,middle
46,/content/filtered_data/image_4227.png,middle
19,/content/filtered_data/image_4228.png,young
37,/content/filtered_data/image_4229.png,middle
47,/content/filtered_data/image_4230.png,middle
80,/content/filtered_data/image_4231.png,old
30,/content/filtered_data/image_4232.png,middle
18,/content/filtered_data/image_4233.png,young
27,/content/filtered_data/image_4234.png,middle
26,/content/filtered_data/image_4235.png,middle
57,/content/filtered_data/image_4236.png,middle
38,/content/filtered_data/image_4237.png,middle
14,/content/filtered_data/image_4238.png,young
17,/content/filtered_data/image_4239.png,young
40,/content/filtered_data/image_4240.png,middle
13,/content/filtered_data/image_4241.png,young
17,/content/filtered_data/image_4242.png,young
60,/content/filtered_data/image_4243.png,middle
15,/content/filtered_data/image_4244.png,young
28,/content/filtered_data/image_4245.png,middle
30,/content/filtered_data/image_4246.png,middle
34,/content/filtered_data/image_4247.png,middle
40,/content/filtered_data/image_4248.png,middle
54,/content/filtered_data/image_4249.png,middle
39,/content/filtered_data/image_4250.png,middle
32,/content/filtered_data/image_4251.png,middle
30,/content/filtered_data/image_4252.png,middle
18,/content/filtered_data/image_4253.png,young
35,/content/filtered_data/image_4254.png,middle
34,/content/filtered_data/image_4255.png,middle
31,/content/filtered_data/image_4256.png,middle
47,/content/filtered_data/image_4257.png,middle
50,/content/filtered_data/image_4258.png,middle
8,/content/filtered_data/image_4259.png,young
64,/content/filtered_data/image_4260.png,old
35,/content/filtered_data/image_4261.png,middle
75,/content/filtered_data/image_4262.png,old
70,/content/filtered_data/image_4263.png,old
14,/content/filtered_data/image_4264.png,young
25,/content/filtered_data/image_4265.png,middle
25,/content/filtered_data/image_4266.png,middle
15,/content/filtered_data/image_4267.png,young
52,/content/filtered_data/image_4268.png,middle
4,/content/filtered_data/image_4269.png,young
45,/content/filtered_data/image_4270.png,middle
54,/content/filtered_data/image_4271.png,middle
6,/content/filtered_data/image_4272.png,young
2,/content/filtered_data/image_4273.png,young
7,/content/filtered_data/image_4274.png,young
40,/content/filtered_data/image_4275.png,middle
28,/content/filtered_data/image_4276.png,middle
33,/content/filtered_data/image_4277.png,middle
25,/content/filtered_data/image_4278.png,middle
20,/content/filtered_data/image_4279.png,middle
1,/content/filtered_data/image_4280.png,young
30,/content/filtered_data/image_4281.png,middle
27,/content/filtered_data/image_4282.png,middle
8,/content/filtered_data/image_4283.png,young
2,/content/filtered_data/image_4284.png,young
35,/content/filtered_data/image_4285.png,middle
35,/content/filtered_data/image_4286.png,middle
16,/content/filtered_data/image_4287.png,young
19,/content/filtered_data/image_4288.png,young
26,/content/filtered_data/image_4289.png,middle
31,/content/filtered_data/image_4290.png,middle
16,/content/filtered_data/image_4291.png,young
35,/content/filtered_data/image_4292.png,middle
30,/content/filtered_data/image_4293.png,middle
30,/content/filtered_data/image_4294.png,middle
29,/content/filtered_data/image_4295.png,middle
11,/content/filtered_data/image_4296.png,young
27,/content/filtered_data/image_4297.png,middle
28,/content/filtered_data/image_4298.png,middle
21,/content/filtered_data/image_4299.png,middle
56,/content/filtered_data/image_4300.png,middle
34,/content/filtered_data/image_4301.png,middle
38,/content/filtered_data/image_4302.png,middle
32,/content/filtered_data/image_4303.png,middle
59,/content/filtered_data/image_4304.png,middle
52,/content/filtered_data/image_4305.png,middle
27,/content/filtered_data/image_4306.png,middle
30,/content/filtered_data/image_4307.png,middle
29,/content/filtered_data/image_4308.png,middle
50,/content/filtered_data/image_4309.png,middle
49,/content/filtered_data/image_4310.png,middle
25,/content/filtered_data/image_4311.png,middle
6,/content/filtered_data/image_4312.png,young
5,/content/filtered_data/image_4313.png,young
45,/content/filtered_data/image_4314.png,middle
16,/content/filtered_data/image_4315.png,young
45,/content/filtered_data/image_4316.png,middle
15,/content/filtered_data/image_4317.png,young
38,/content/filtered_data/image_4318.png,middle
41,/content/filtered_data/image_4319.png,middle
16,/content/filtered_data/image_4320.png,young
25,/content/filtered_data/image_4321.png,middle
13,/content/filtered_data/image_4322.png,young
1,/content/filtered_data/image_4323.png,young
50,/content/filtered_data/image_4324.png,middle
7,/content/filtered_data/image_4325.png,young
30,/content/filtered_data/image_4326.png,middle
36,/content/filtered_data/image_4327.png,middle
14,/content/filtered_data/image_4328.png,young
15,/content/filtered_data/image_4329.png,young
23,/content/filtered_data/image_4330.png,middle
25,/content/filtered_data/image_4331.png,middle
26,/content/filtered_data/image_4332.png,middle
25,/content/filtered_data/image_4333.png,middle
26,/content/filtered_data/image_4334.png,middle
15,/content/filtered_data/image_4335.png,young
21,/content/filtered_data/image_4336.png,middle
60,/content/filtered_data/image_4337.png,middle
49,/content/filtered_data/image_4338.png,middle
5,/content/filtered_data/image_4339.png,young
24,/content/filtered_data/image_4340.png,middle
28,/content/filtered_data/image_4341.png,middle
54,/content/filtered_data/image_4342.png,middle
49,/content/filtered_data/image_4343.png,middle
24,/content/filtered_data/image_4344.png,middle
12,/content/filtered_data/image_4345.png,young
18,/content/filtered_data/image_4346.png,young
24,/content/filtered_data/image_4347.png,middle
18,/content/filtered_data/image_4348.png,young
33,/content/filtered_data/image_4349.png,middle
13,/content/filtered_data/image_4350.png,young
23,/content/filtered_data/image_4351.png,middle
2,/content/filtered_data/image_4352.png,young
56,/content/filtered_data/image_4353.png,middle
20,/content/filtered_data/image_4354.png,middle
18,/content/filtered_data/image_4355.png,young
23,/content/filtered_data/image_4356.png,middle
55,/content/filtered_data/image_4357.png,middle
1,/content/filtered_data/image_4358.png,young
19,/content/filtered_data/image_4359.png,young
33,/content/filtered_data/image_4360.png,middle
26,/content/filtered_data/image_4361.png,middle
11,/content/filtered_data/image_4362.png,young
5,/content/filtered_data/image_4363.png,young
16,/content/filtered_data/image_4364.png,young
58,/content/filtered_data/image_4365.png,middle
48,/content/filtered_data/image_4366.png,middle
38,/content/filtered_data/image_4367.png,middle
40,/content/filtered_data/image_4368.png,middle
49,/content/filtered_data/image_4369.png,middle
16,/content/filtered_data/image_4370.png,young
28,/content/filtered_data/image_4371.png,middle
25,/content/filtered_data/image_4372.png,middle
25,/content/filtered_data/image_4373.png,middle
23,/content/filtered_data/image_4374.png,middle
16,/content/filtered_data/image_4375.png,young
27,/content/filtered_data/image_4376.png,middle
25,/content/filtered_data/image_4377.png,middle
45,/content/filtered_data/image_4378.png,middle
1,/content/filtered_data/image_4379.png,young
57,/content/filtered_data/image_4380.png,middle
30,/content/filtered_data/image_4381.png,middle
71,/content/filtered_data/image_4382.png,old
40,/content/filtered_data/image_4383.png,middle
31,/content/filtered_data/image_4384.png,middle
49,/content/filtered_data/image_4385.png,middle
20,/content/filtered_data/image_4386.png,middle
15,/content/filtered_data/image_4387.png,young
27,/content/filtered_data/image_4388.png,middle
60,/content/filtered_data/image_4389.png,middle
25,/content/filtered_data/image_4390.png,middle
13,/content/filtered_data/image_4391.png,young
17,/content/filtered_data/image_4392.png,young
45,/content/filtered_data/image_4393.png,middle
18,/content/filtered_data/image_4394.png,young
66,/content/filtered_data/image_4395.png,old
33,/content/filtered_data/image_4396.png,middle
24,/content/filtered_data/image_4397.png,middle
34,/content/filtered_data/image_4398.png,middle
39,/content/filtered_data/image_4399.png,middle
3,/content/filtered_data/image_4400.png,young
21,/content/filtered_data/image_4401.png,middle
15,/content/filtered_data/image_4402.png,young
17,/content/filtered_data/image_4403.png,young
25,/content/filtered_data/image_4404.png,middle
45,/content/filtered_data/image_4405.png,middle
63,/content/filtered_data/image_4406.png,old
49,/content/filtered_data/image_4407.png,middle
24,/content/filtered_data/image_4408.png,middle
4,/content/filtered_data/image_4409.png,young
32,/content/filtered_data/image_4410.png,middle
14,/content/filtered_data/image_4411.png,young
19,/content/filtered_data/image_4412.png,young
13,/content/filtered_data/image_4413.png,young
30,/content/filtered_data/image_4414.png,middle
46,/content/filtered_data/image_4415.png,middle
19,/content/filtered_data/image_4416.png,young
22,/content/filtered_data/image_4417.png,middle
22,/content/filtered_data/image_4418.png,middle
20,/content/filtered_data/image_4419.png,middle
39,/content/filtered_data/image_4420.png,middle
9,/content/filtered_data/image_4421.png,young
12,/content/filtered_data/image_4422.png,young
30,/content/filtered_data/image_4423.png,middle
36,/content/filtered_data/image_4424.png,middle
17,/content/filtered_data/image_4425.png,young
18,/content/filtered_data/image_4426.png,young
16,/content/filtered_data/image_4427.png,young
14,/content/filtered_data/image_4428.png,young
28,/content/filtered_data/image_4429.png,middle
40,/content/filtered_data/image_4430.png,middle
15,/content/filtered_data/image_4431.png,young
31,/content/filtered_data/image_4432.png,middle
36,/content/filtered_data/image_4433.png,middle
27,/content/filtered_data/image_4434.png,middle
41,/content/filtered_data/image_4435.png,middle
60,/content/filtered_data/image_4436.png,middle
70,/content/filtered_data/image_4437.png,old
24,/content/filtered_data/image_4438.png,middle
17,/content/filtered_data/image_4439.png,young
4,/content/filtered_data/image_4440.png,young
15,/content/filtered_data/image_4441.png,young
7,/content/filtered_data/image_4442.png,young
44,/content/filtered_data/image_4443.png,middle
8,/content/filtered_data/image_4444.png,young
65,/content/filtered_data/image_4445.png,old
35,/content/filtered_data/image_4446.png,middle
45,/content/filtered_data/image_4447.png,middle
23,/content/filtered_data/image_4448.png,middle
38,/content/filtered_data/image_4449.png,middle
48,/content/filtered_data/image_4450.png,middle
15,/content/filtered_data/image_4451.png,young
19,/content/filtered_data/image_4452.png,young
40,/content/filtered_data/image_4453.png,middle
44,/content/filtered_data/image_4454.png,middle
20,/content/filtered_data/image_4455.png,middle
12,/content/filtered_data/image_4456.png,young
50,/content/filtered_data/image_4457.png,middle
5,/content/filtered_data/image_4458.png,young
18,/content/filtered_data/image_4459.png,young
47,/content/filtered_data/image_4460.png,middle
82,/content/filtered_data/image_4461.png,old
23,/content/filtered_data/image_4462.png,middle
23,/content/filtered_data/image_4463.png,middle
55,/content/filtered_data/image_4464.png,middle
39,/content/filtered_data/image_4465.png,middle
54,/content/filtered_data/image_4466.png,middle
25,/content/filtered_data/image_4467.png,middle
27,/content/filtered_data/image_4468.png,middle
32,/content/filtered_data/image_4469.png,middle
9,/content/filtered_data/image_4470.png,young
33,/content/filtered_data/image_4471.png,middle
6,/content/filtered_data/image_4472.png,young
16,/content/filtered_data/image_4473.png,young
26,/content/filtered_data/image_4474.png,middle
35,/content/filtered_data/image_4475.png,middle
19,/content/filtered_data/image_4476.png,young
30,/content/filtered_data/image_4477.png,middle
15,/content/filtered_data/image_4478.png,young
25,/content/filtered_data/image_4479.png,middle
26,/content/filtered_data/image_4480.png,middle
50,/content/filtered_data/image_4481.png,middle
11,/content/filtered_data/image_4482.png,young
39,/content/filtered_data/image_4483.png,middle
29,/content/filtered_data/image_4484.png,middle
19,/content/filtered_data/image_4485.png,young
15,/content/filtered_data/image_4486.png,young
32,/content/filtered_data/image_4487.png,middle
37,/content/filtered_data/image_4488.png,middle
37,/content/filtered_data/image_4489.png,middle
50,/content/filtered_data/image_4490.png,middle
27,/content/filtered_data/image_4491.png,middle
8,/content/filtered_data/image_4492.png,young
25,/content/filtered_data/image_4493.png,middle
31,/content/filtered_data/image_4494.png,middle
59,/content/filtered_data/image_4495.png,middle
10,/content/filtered_data/image_4496.png,young
18,/content/filtered_data/image_4497.png,young
40,/content/filtered_data/image_4498.png,middle
41,/content/filtered_data/image_4499.png,middle
6,/content/filtered_data/image_4500.png,young
4,/content/filtered_data/image_4501.png,young
25,/content/filtered_data/image_4502.png,middle
47,/content/filtered_data/image_4503.png,middle
16,/content/filtered_data/image_4504.png,young
24,/content/filtered_data/image_4505.png,middle
25,/content/filtered_data/image_4506.png,middle
38,/content/filtered_data/image_4507.png,middle
32,/content/filtered_data/image_4508.png,middle
11,/content/filtered_data/image_4509.png,young
17,/content/filtered_data/image_4510.png,young
36,/content/filtered_data/image_4511.png,middle
36,/content/filtered_data/image_4512.png,middle
50,/content/filtered_data/image_4513.png,middle
34,/content/filtered_data/image_4514.png,middle
41,/content/filtered_data/image_4515.png,middle
34,/content/filtered_data/image_4516.png,middle
28,/content/filtered_data/image_4517.png,middle
29,/content/filtered_data/image_4518.png,middle
42,/content/filtered_data/image_4519.png,middle
41,/content/filtered_data/image_4520.png,middle
47,/content/filtered_data/image_4521.png,middle
27,/content/filtered_data/image_4522.png,middle
35,/content/filtered_data/image_4523.png,middle
24,/content/filtered_data/image_4524.png,middle
65,/content/filtered_data/image_4525.png,old
40,/content/filtered_data/image_4526.png,middle
42,/content/filtered_data/image_4527.png,middle
8,/content/filtered_data/image_4528.png,young
41,/content/filtered_data/image_4529.png,middle
1,/content/filtered_data/image_4530.png,young
1,/content/filtered_data/image_4531.png,young
50,/content/filtered_data/image_4532.png,middle
87,/content/filtered_data/image_4533.png,old
15,/content/filtered_data/image_4534.png,young
35,/content/filtered_data/image_4535.png,middle
6,/content/filtered_data/image_4536.png,young
33,/content/filtered_data/image_4537.png,middle
22,/content/filtered_data/image_4538.png,middle
13,/content/filtered_data/image_4539.png,young
25,/content/filtered_data/image_4540.png,middle
14,/content/filtered_data/image_4541.png,young
55,/content/filtered_data/image_4542.png,middle
36,/content/filtered_data/image_4543.png,middle
43,/content/filtered_data/image_4544.png,middle
37,/content/filtered_data/image_4545.png,middle
16,/content/filtered_data/image_4546.png,young
26,/content/filtered_data/image_4547.png,middle
19,/content/filtered_data/image_4548.png,young
15,/content/filtered_data/image_4549.png,young
21,/content/filtered_data/image_4550.png,middle
49,/content/filtered_data/image_4551.png,middle
59,/content/filtered_data/image_4552.png,middle
32,/content/filtered_data/image_4553.png,middle
24,/content/filtered_data/image_4554.png,middle
64,/content/filtered_data/image_4555.png,old
8,/content/filtered_data/image_4556.png,young
52,/content/filtered_data/image_4557.png,middle
9,/content/filtered_data/image_4558.png,young
23,/content/filtered_data/image_4559.png,middle
24,/content/filtered_data/image_4560.png,middle
25,/content/filtered_data/image_4561.png,middle
24,/content/filtered_data/image_4562.png,middle
70,/content/filtered_data/image_4563.png,old
39,/content/filtered_data/image_4564.png,middle
48,/content/filtered_data/image_4565.png,middle
51,/content/filtered_data/image_4566.png,middle
36,/content/filtered_data/image_4567.png,middle
19,/content/filtered_data/image_4568.png,young
45,/content/filtered_data/image_4569.png,middle
21,/content/filtered_data/image_4570.png,middle
32,/content/filtered_data/image_4571.png,middle
12,/content/filtered_data/image_4572.png,young
16,/content/filtered_data/image_4573.png,young
2,/content/filtered_data/image_4574.png,young
5,/content/filtered_data/image_4575.png,young
23,/content/filtered_data/image_4576.png,middle
53,/content/filtered_data/image_4577.png,middle
43,/content/filtered_data/image_4578.png,middle
55,/content/filtered_data/image_4579.png,middle
42,/content/filtered_data/image_4580.png,middle
19,/content/filtered_data/image_4581.png,young
17,/content/filtered_data/image_4582.png,young
22,/content/filtered_data/image_4583.png,middle
1,/content/filtered_data/image_4584.png,young
15,/content/filtered_data/image_4585.png,young
30,/content/filtered_data/image_4586.png,middle
32,/content/filtered_data/image_4587.png,middle
40,/content/filtered_data/image_4588.png,middle
17,/content/filtered_data/image_4589.png,young
26,/content/filtered_data/image_4590.png,middle
37,/content/filtered_data/image_4591.png,middle
10,/content/filtered_data/image_4592.png,young
39,/content/filtered_data/image_4593.png,middle
77,/content/filtered_data/image_4594.png,old
19,/content/filtered_data/image_4595.png,young
50,/content/filtered_data/image_4596.png,middle
15,/content/filtered_data/image_4597.png,young
52,/content/filtered_data/image_4598.png,middle
42,/content/filtered_data/image_4599.png,middle
18,/content/filtered_data/image_4600.png,young
23,/content/filtered_data/image_4601.png,middle
4,/content/filtered_data/image_4602.png,young
32,/content/filtered_data/image_4603.png,middle
4,/content/filtered_data/image_4604.png,young
55,/content/filtered_data/image_4605.png,middle
33,/content/filtered_data/image_4606.png,middle
70,/content/filtered_data/image_4607.png,old
1,/content/filtered_data/image_4608.png,young
20,/content/filtered_data/image_4609.png,middle
26,/content/filtered_data/image_4610.png,middle
26,/content/filtered_data/image_4611.png,middle
68,/content/filtered_data/image_4612.png,old
21,/content/filtered_data/image_4613.png,middle
50,/content/filtered_data/image_4614.png,middle
32,/content/filtered_data/image_4615.png,middle
28,/content/filtered_data/image_4616.png,middle
29,/content/filtered_data/image_4617.png,middle
33,/content/filtered_data/image_4618.png,middle
32,/content/filtered_data/image_4619.png,middle
18,/content/filtered_data/image_4620.png,young
29,/content/filtered_data/image_4621.png,middle
17,/content/filtered_data/image_4622.png,young
25,/content/filtered_data/image_4623.png,middle
20,/content/filtered_data/image_4624.png,middle
40,/content/filtered_data/image_4625.png,middle
28,/content/filtered_data/image_4626.png,middle
40,/content/filtered_data/image_4627.png,middle
30,/content/filtered_data/image_4628.png,middle
42,/content/filtered_data/image_4629.png,middle
50,/content/filtered_data/image_4630.png,middle
31,/content/filtered_data/image_4631.png,middle
29,/content/filtered_data/image_4632.png,middle
52,/content/filtered_data/image_4633.png,middle
47,/content/filtered_data/image_4634.png,middle
40,/content/filtered_data/image_4635.png,middle
25,/content/filtered_data/image_4636.png,middle
58,/content/filtered_data/image_4637.png,middle
4,/content/filtered_data/image_4638.png,young
46,/content/filtered_data/image_4639.png,middle
58,/content/filtered_data/image_4640.png,middle
16,/content/filtered_data/image_4641.png,young
25,/content/filtered_data/image_4642.png,middle
30,/content/filtered_data/image_4643.png,middle
4,/content/filtered_data/image_4644.png,young
10,/content/filtered_data/image_4645.png,young
2,/content/filtered_data/image_4646.png,young
3,/content/filtered_data/image_4647.png,young
61,/content/filtered_data/image_4648.png,old
31,/content/filtered_data/image_4649.png,middle
16,/content/filtered_data/image_4650.png,young
40,/content/filtered_data/image_4651.png,middle
19,/content/filtered_data/image_4652.png,young
30,/content/filtered_data/image_4653.png,middle
26,/content/filtered_data/image_4654.png,middle
60,/content/filtered_data/image_4655.png,middle
58,/content/filtered_data/image_4656.png,middle
36,/content/filtered_data/image_4657.png,middle
26,/content/filtered_data/image_4658.png,middle
16,/content/filtered_data/image_4659.png,young
23,/content/filtered_data/image_4660.png,middle
49,/content/filtered_data/image_4661.png,middle
32,/content/filtered_data/image_4662.png,middle
22,/content/filtered_data/image_4663.png,middle
58,/content/filtered_data/image_4664.png,middle
30,/content/filtered_data/image_4665.png,middle
50,/content/filtered_data/image_4666.png,middle
16,/content/filtered_data/image_4667.png,young
2,/content/filtered_data/image_4668.png,young
17,/content/filtered_data/image_4669.png,young
37,/content/filtered_data/image_4670.png,middle
23,/content/filtered_data/image_4671.png,middle
47,/content/filtered_data/image_4672.png,middle
15,/content/filtered_data/image_4673.png,young
1,/content/filtered_data/image_4674.png,young
11,/content/filtered_data/image_4675.png,young
14,/content/filtered_data/image_4676.png,young
25,/content/filtered_data/image_4677.png,middle
4,/content/filtered_data/image_4678.png,young
49,/content/filtered_data/image_4679.png,middle
48,/content/filtered_data/image_4680.png,middle
19,/content/filtered_data/image_4681.png,young
24,/content/filtered_data/image_4682.png,middle
44,/content/filtered_data/image_4683.png,middle
2,/content/filtered_data/image_4684.png,young
26,/content/filtered_data/image_4685.png,middle
44,/content/filtered_data/image_4686.png,middle
22,/content/filtered_data/image_4687.png,middle
52,/content/filtered_data/image_4688.png,middle
34,/content/filtered_data/image_4689.png,middle
24,/content/filtered_data/image_4690.png,middle
18,/content/filtered_data/image_4691.png,young
34,/content/filtered_data/image_4692.png,middle
5,/content/filtered_data/image_4693.png,young
27,/content/filtered_data/image_4694.png,middle
45,/content/filtered_data/image_4695.png,middle
4,/content/filtered_data/image_4696.png,young
17,/content/filtered_data/image_4697.png,young
18,/content/filtered_data/image_4698.png,young
51,/content/filtered_data/image_4699.png,middle
34,/content/filtered_data/image_4700.png,middle
25,/content/filtered_data/image_4701.png,middle
42,/content/filtered_data/image_4702.png,middle
29,/content/filtered_data/image_4703.png,middle
28,/content/filtered_data/image_4704.png,middle
18,/content/filtered_data/image_4705.png,young
36,/content/filtered_data/image_4706.png,middle
30,/content/filtered_data/image_4707.png,middle
30,/content/filtered_data/image_4708.png,middle
22,/content/filtered_data/image_4709.png,middle
59,/content/filtered_data/image_4710.png,middle
60,/content/filtered_data/image_4711.png,middle
2,/content/filtered_data/image_4712.png,young
25,/content/filtered_data/image_4713.png,middle
25,/content/filtered_data/image_4714.png,middle
3,/content/filtered_data/image_4715.png,young
28,/content/filtered_data/image_4716.png,middle
52,/content/filtered_data/image_4717.png,middle
25,/content/filtered_data/image_4718.png,middle
30,/content/filtered_data/image_4719.png,middle
34,/content/filtered_data/image_4720.png,middle
23,/content/filtered_data/image_4721.png,middle
25,/content/filtered_data/image_4722.png,middle
28,/content/filtered_data/image_4723.png,middle
27,/content/filtered_data/image_4724.png,middle
27,/content/filtered_data/image_4725.png,middle
37,/content/filtered_data/image_4726.png,middle
50,/content/filtered_data/image_4727.png,middle
29,/content/filtered_data/image_4728.png,middle
7,/content/filtered_data/image_4729.png,young
18,/content/filtered_data/image_4730.png,young
31,/content/filtered_data/image_4731.png,middle
22,/content/filtered_data/image_4732.png,middle
26,/content/filtered_data/image_4733.png,middle
14,/content/filtered_data/image_4734.png,young
4,/content/filtered_data/image_4735.png,young
50,/content/filtered_data/image_4736.png,middle
43,/content/filtered_data/image_4737.png,middle
24,/content/filtered_data/image_4738.png,middle
40,/content/filtered_data/image_4739.png,middle
29,/content/filtered_data/image_4740.png,middle
22,/content/filtered_data/image_4741.png,middle
21,/content/filtered_data/image_4742.png,middle
30,/content/filtered_data/image_4743.png,middle
1,/content/filtered_data/image_4744.png,young
37,/content/filtered_data/image_4745.png,middle
38,/content/filtered_data/image_4746.png,middle
16,/content/filtered_data/image_4747.png,young
3,/content/filtered_data/image_4748.png,young
51,/content/filtered_data/image_4749.png,middle
25,/content/filtered_data/image_4750.png,middle
42,/content/filtered_data/image_4751.png,middle
60,/content/filtered_data/image_4752.png,middle
30,/content/filtered_data/image_4753.png,middle
26,/content/filtered_data/image_4754.png,middle
72,/content/filtered_data/image_4755.png,old
18,/content/filtered_data/image_4756.png,young
42,/content/filtered_data/image_4757.png,middle
6,/content/filtered_data/image_4758.png,young
4,/content/filtered_data/image_4759.png,young
28,/content/filtered_data/image_4760.png,middle
13,/content/filtered_data/image_4761.png,young
31,/content/filtered_data/image_4762.png,middle
33,/content/filtered_data/image_4763.png,middle
32,/content/filtered_data/image_4764.png,middle
8,/content/filtered_data/image_4765.png,young
39,/content/filtered_data/image_4766.png,middle
41,/content/filtered_data/image_4767.png,middle
80,/content/filtered_data/image_4768.png,old
33,/content/filtered_data/image_4769.png,middle
7,/content/filtered_data/image_4770.png,young
17,/content/filtered_data/image_4771.png,young
37,/content/filtered_data/image_4772.png,middle
23,/content/filtered_data/image_4773.png,middle
51,/content/filtered_data/image_4774.png,middle
41,/content/filtered_data/image_4775.png,middle
23,/content/filtered_data/image_4776.png,middle
23,/content/filtered_data/image_4777.png,middle
60,/content/filtered_data/image_4778.png,middle
58,/content/filtered_data/image_4779.png,middle
32,/content/filtered_data/image_4780.png,middle
17,/content/filtered_data/image_4781.png,young
23,/content/filtered_data/image_4782.png,middle
28,/content/filtered_data/image_4783.png,middle
22,/content/filtered_data/image_4784.png,middle
24,/content/filtered_data/image_4785.png,middle
70,/content/filtered_data/image_4786.png,old
33,/content/filtered_data/image_4787.png,middle
16,/content/filtered_data/image_4788.png,young
21,/content/filtered_data/image_4789.png,middle
14,/content/filtered_data/image_4790.png,young
17,/content/filtered_data/image_4791.png,young
20,/content/filtered_data/image_4792.png,middle
26,/content/filtered_data/image_4793.png,middle
35,/content/filtered_data/image_4794.png,middle
30,/content/filtered_data/image_4795.png,middle
62,/content/filtered_data/image_4796.png,old
37,/content/filtered_data/image_4797.png,middle
51,/content/filtered_data/image_4798.png,middle
24,/content/filtered_data/image_4799.png,middle
24,/content/filtered_data/image_4800.png,middle
31,/content/filtered_data/image_4801.png,middle
43,/content/filtered_data/image_4802.png,middle
7,/content/filtered_data/image_4803.png,young
1,/content/filtered_data/image_4804.png,young
30,/content/filtered_data/image_4805.png,middle
4,/content/filtered_data/image_4806.png,young
40,/content/filtered_data/image_4807.png,middle
30,/content/filtered_data/image_4808.png,middle
28,/content/filtered_data/image_4809.png,middle
40,/content/filtered_data/image_4810.png,middle
40,/content/filtered_data/image_4811.png,middle
50,/content/filtered_data/image_4812.png,middle
70,/content/filtered_data/image_4813.png,old
21,/content/filtered_data/image_4814.png,middle
5,/content/filtered_data/image_4815.png,young
10,/content/filtered_data/image_4816.png,young
63,/content/filtered_data/image_4817.png,old
18,/content/filtered_data/image_4818.png,young
30,/content/filtered_data/image_4819.png,middle
18,/content/filtered_data/image_4820.png,young
28,/content/filtered_data/image_4821.png,middle
4,/content/filtered_data/image_4822.png,young
5,/content/filtered_data/image_4823.png,young
23,/content/filtered_data/image_4824.png,middle
1,/content/filtered_data/image_4825.png,young
33,/content/filtered_data/image_4826.png,middle
20,/content/filtered_data/image_4827.png,middle
45,/content/filtered_data/image_4828.png,middle
25,/content/filtered_data/image_4829.png,middle
22,/content/filtered_data/image_4830.png,middle
25,/content/filtered_data/image_4831.png,middle
1,/content/filtered_data/image_4832.png,young
36,/content/filtered_data/image_4833.png,middle
24,/content/filtered_data/image_4834.png,middle
20,/content/filtered_data/image_4835.png,middle
2,/content/filtered_data/image_4836.png,young
21,/content/filtered_data/image_4837.png,middle
19,/content/filtered_data/image_4838.png,young
4,/content/filtered_data/image_4839.png,young
19,/content/filtered_data/image_4840.png,young
33,/content/filtered_data/image_4841.png,middle
50,/content/filtered_data/image_4842.png,middle
54,/content/filtered_data/image_4843.png,middle
27,/content/filtered_data/image_4844.png,middle
15,/content/filtered_data/image_4845.png,young
51,/content/filtered_data/image_4846.png,middle
6,/content/filtered_data/image_4847.png,young
41,/content/filtered_data/image_4848.png,middle
13,/content/filtered_data/image_4849.png,young
21,/content/filtered_data/image_4850.png,middle
19,/content/filtered_data/image_4851.png,young
56,/content/filtered_data/image_4852.png,middle
33,/content/filtered_data/image_4853.png,middle
53,/content/filtered_data/image_4854.png,middle
24,/content/filtered_data/image_4855.png,middle
50,/content/filtered_data/image_4856.png,middle
24,/content/filtered_data/image_4857.png,middle
22,/content/filtered_data/image_4858.png,middle
40,/content/filtered_data/image_4859.png,middle
18,/content/filtered_data/image_4860.png,young
27,/content/filtered_data/image_4861.png,middle
62,/content/filtered_data/image_4862.png,old
41,/content/filtered_data/image_4863.png,middle
21,/content/filtered_data/image_4864.png,middle
19,/content/filtered_data/image_4865.png,young
53,/content/filtered_data/image_4866.png,middle
40,/content/filtered_data/image_4867.png,middle
36,/content/filtered_data/image_4868.png,middle
29,/content/filtered_data/image_4869.png,middle
37,/content/filtered_data/image_4870.png,middle
28,/content/filtered_data/image_4871.png,middle
4,/content/filtered_data/image_4872.png,young
31,/content/filtered_data/image_4873.png,middle
42,/content/filtered_data/image_4874.png,middle
6,/content/filtered_data/image_4875.png,young
17,/content/filtered_data/image_4876.png,young
25,/content/filtered_data/image_4877.png,middle
21,/content/filtered_data/image_4878.png,middle
23,/content/filtered_data/image_4879.png,middle
47,/content/filtered_data/image_4880.png,middle
25,/content/filtered_data/image_4881.png,middle
5,/content/filtered_data/image_4882.png,young
29,/content/filtered_data/image_4883.png,middle
57,/content/filtered_data/image_4884.png,middle
36,/content/filtered_data/image_4885.png,middle
18,/content/filtered_data/image_4886.png,young
28,/content/filtered_data/image_4887.png,middle
26,/content/filtered_data/image_4888.png,middle
30,/content/filtered_data/image_4889.png,middle
35,/content/filtered_data/image_4890.png,middle
35,/content/filtered_data/image_4891.png,middle
85,/content/filtered_data/image_4892.png,old
38,/content/filtered_data/image_4893.png,middle
30,/content/filtered_data/image_4894.png,middle
14,/content/filtered_data/image_4895.png,young
30,/content/filtered_data/image_4896.png,middle
18,/content/filtered_data/image_4897.png,young
15,/content/filtered_data/image_4898.png,young
38,/content/filtered_data/image_4899.png,middle
33,/content/filtered_data/image_4900.png,middle
24,/content/filtered_data/image_4901.png,middle
58,/content/filtered_data/image_4902.png,middle
38,/content/filtered_data/image_4903.png,middle
30,/content/filtered_data/image_4904.png,middle
17,/content/filtered_data/image_4905.png,young
30,/content/filtered_data/image_4906.png,middle
59,/content/filtered_data/image_4907.png,middle
17,/content/filtered_data/image_4908.png,young
9,/content/filtered_data/image_4909.png,young
51,/content/filtered_data/image_4910.png,middle
25,/content/filtered_data/image_4911.png,middle
63,/content/filtered_data/image_4912.png,old
16,/content/filtered_data/image_4913.png,young
46,/content/filtered_data/image_4914.png,middle
21,/content/filtered_data/image_4915.png,middle
25,/content/filtered_data/image_4916.png,middle
23,/content/filtered_data/image_4917.png,middle
20,/content/filtered_data/image_4918.png,middle
60,/content/filtered_data/image_4919.png,middle
20,/content/filtered_data/image_4920.png,middle
26,/content/filtered_data/image_4921.png,middle
23,/content/filtered_data/image_4922.png,middle
26,/content/filtered_data/image_4923.png,middle
24,/content/filtered_data/image_4924.png,middle
18,/content/filtered_data/image_4925.png,young
32,/content/filtered_data/image_4926.png,middle
21,/content/filtered_data/image_4927.png,middle
10,/content/filtered_data/image_4928.png,young
10,/content/filtered_data/image_4929.png,young
14,/content/filtered_data/image_4930.png,young
26,/content/filtered_data/image_4931.png,middle
36,/content/filtered_data/image_4932.png,middle
26,/content/filtered_data/image_4933.png,middle
37,/content/filtered_data/image_4934.png,middle
12,/content/filtered_data/image_4935.png,young
35,/content/filtered_data/image_4936.png,middle
27,/content/filtered_data/image_4937.png,middle
13,/content/filtered_data/image_4938.png,young
57,/content/filtered_data/image_4939.png,middle
60,/content/filtered_data/image_4940.png,middle
14,/content/filtered_data/image_4941.png,young
11,/content/filtered_data/image_4942.png,young
28,/content/filtered_data/image_4943.png,middle
29,/content/filtered_data/image_4944.png,middle
32,/content/filtered_data/image_4945.png,middle
23,/content/filtered_data/image_4946.png,middle
30,/content/filtered_data/image_4947.png,middle
61,/content/filtered_data/image_4948.png,old
27,/content/filtered_data/image_4949.png,middle
12,/content/filtered_data/image_4950.png,young
36,/content/filtered_data/image_4951.png,middle
58,/content/filtered_data/image_4952.png,middle
2,/content/filtered_data/image_4953.png,young
34,/content/filtered_data/image_4954.png,middle
18,/content/filtered_data/image_4955.png,young
29,/content/filtered_data/image_4956.png,middle
37,/content/filtered_data/image_4957.png,middle
19,/content/filtered_data/image_4958.png,young
23,/content/filtered_data/image_4959.png,middle
28,/content/filtered_data/image_4960.png,middle
33,/content/filtered_data/image_4961.png,middle
23,/content/filtered_data/image_4962.png,middle
33,/content/filtered_data/image_4963.png,middle
21,/content/filtered_data/image_4964.png,middle
24,/content/filtered_data/image_4965.png,middle
12,/content/filtered_data/image_4966.png,young
48,/content/filtered_data/image_4967.png,middle
21,/content/filtered_data/image_4968.png,middle
23,/content/filtered_data/image_4969.png,middle
50,/content/filtered_data/image_4970.png,middle
18,/content/filtered_data/image_4971.png,young
23,/content/filtered_data/image_4972.png,middle
48,/content/filtered_data/image_4973.png,middle
26,/content/filtered_data/image_4974.png,middle
27,/content/filtered_data/image_4975.png,middle
26,/content/filtered_data/image_4976.png,middle
39,/content/filtered_data/image_4977.png,middle
32,/content/filtered_data/image_4978.png,middle
48,/content/filtered_data/image_4979.png,middle
29,/content/filtered_data/image_4980.png,middle
26,/content/filtered_data/image_4981.png,middle
43,/content/filtered_data/image_4982.png,middle
13,/content/filtered_data/image_4983.png,young
5,/content/filtered_data/image_4984.png,young
42,/content/filtered_data/image_4985.png,middle
17,/content/filtered_data/image_4986.png,young
39,/content/filtered_data/image_4987.png,middle
32,/content/filtered_data/image_4988.png,middle
40,/content/filtered_data/image_4989.png,middle
52,/content/filtered_data/image_4990.png,middle
80,/content/filtered_data/image_4991.png,old
5,/content/filtered_data/image_4992.png,young
2,/content/filtered_data/image_4993.png,young
19,/content/filtered_data/image_4994.png,young
37,/content/filtered_data/image_4995.png,middle
41,/content/filtered_data/image_4996.png,middle
34,/content/filtered_data/image_4997.png,middle
35,/content/filtered_data/image_4998.png,middle
20,/content/filtered_data/image_4999.png,middle
36,/content/filtered_data/image_5000.png,middle
7,/content/filtered_data/image_5001.png,young
15,/content/filtered_data/image_5002.png,young
19,/content/filtered_data/image_5003.png,young
22,/content/filtered_data/image_5004.png,middle
15,/content/filtered_data/image_5005.png,young
41,/content/filtered_data/image_5006.png,middle
20,/content/filtered_data/image_5007.png,middle
5,/content/filtered_data/image_5008.png,young
35,/content/filtered_data/image_5009.png,middle
2,/content/filtered_data/image_5010.png,young
22,/content/filtered_data/image_5011.png,middle
7,/content/filtered_data/image_5012.png,young
19,/content/filtered_data/image_5013.png,young
18,/content/filtered_data/image_5014.png,young
20,/content/filtered_data/image_5015.png,middle
44,/content/filtered_data/image_5016.png,middle
8,/content/filtered_data/image_5017.png,young
18,/content/filtered_data/image_5018.png,young
7,/content/filtered_data/image_5019.png,young
33,/content/filtered_data/image_5020.png,middle
52,/content/filtered_data/image_5021.png,middle
44,/content/filtered_data/image_5022.png,middle
84,/content/filtered_data/image_5023.png,old
35,/content/filtered_data/image_5024.png,middle
44,/content/filtered_data/image_5025.png,middle
44,/content/filtered_data/image_5026.png,middle
46,/content/filtered_data/image_5027.png,middle
37,/content/filtered_data/image_5028.png,middle
51,/content/filtered_data/image_5029.png,middle
14,/content/filtered_data/image_5030.png,young
36,/content/filtered_data/image_5031.png,middle
34,/content/filtered_data/image_5032.png,middle
27,/content/filtered_data/image_5033.png,middle
57,/content/filtered_data/image_5034.png,middle
25,/content/filtered_data/image_5035.png,middle
25,/content/filtered_data/image_5036.png,middle
62,/content/filtered_data/image_5037.png,old
33,/content/filtered_data/image_5038.png,middle
19,/content/filtered_data/image_5039.png,young
21,/content/filtered_data/image_5040.png,middle
21,/content/filtered_data/image_5041.png,middle
27,/content/filtered_data/image_5042.png,middle
32,/content/filtered_data/image_5043.png,middle
41,/content/filtered_data/image_5044.png,middle
15,/content/filtered_data/image_5045.png,young
41,/content/filtered_data/image_5046.png,middle
24,/content/filtered_data/image_5047.png,middle
16,/content/filtered_data/image_5048.png,young
31,/content/filtered_data/image_5049.png,middle
31,/content/filtered_data/image_5050.png,middle
70,/content/filtered_data/image_5051.png,old
47,/content/filtered_data/image_5052.png,middle
22,/content/filtered_data/image_5053.png,middle
19,/content/filtered_data/image_5054.png,young
28,/content/filtered_data/image_5055.png,middle
30,/content/filtered_data/image_5056.png,middle
23,/content/filtered_data/image_5057.png,middle
48,/content/filtered_data/image_5058.png,middle
20,/content/filtered_data/image_5059.png,middle
16,/content/filtered_data/image_5060.png,young
23,/content/filtered_data/image_5061.png,middle
48,/content/filtered_data/image_5062.png,middle
39,/content/filtered_data/image_5063.png,middle
31,/content/filtered_data/image_5064.png,middle
38,/content/filtered_data/image_5065.png,middle
14,/content/filtered_data/image_5066.png,young
32,/content/filtered_data/image_5067.png,middle
29,/content/filtered_data/image_5068.png,middle
50,/content/filtered_data/image_5069.png,middle
59,/content/filtered_data/image_5070.png,middle
30,/content/filtered_data/image_5071.png,middle
15,/content/filtered_data/image_5072.png,young
25,/content/filtered_data/image_5073.png,middle
17,/content/filtered_data/image_5074.png,young
43,/content/filtered_data/image_5075.png,middle
14,/content/filtered_data/image_5076.png,young
1,/content/filtered_data/image_5077.png,young
43,/content/filtered_data/image_5078.png,middle
22,/content/filtered_data/image_5079.png,middle
4,/content/filtered_data/image_5080.png,young
16,/content/filtered_data/image_5081.png,young
29,/content/filtered_data/image_5082.png,middle
29,/content/filtered_data/image_5083.png,middle
50,/content/filtered_data/image_5084.png,middle
16,/content/filtered_data/image_5085.png,young
17,/content/filtered_data/image_5086.png,young
52,/content/filtered_data/image_5087.png,middle
32,/content/filtered_data/image_5088.png,middle
63,/content/filtered_data/image_5089.png,old
26,/content/filtered_data/image_5090.png,middle
24,/content/filtered_data/image_5091.png,middle
7,/content/filtered_data/image_5092.png,young
53,/content/filtered_data/image_5093.png,middle
43,/content/filtered_data/image_5094.png,middle
32,/content/filtered_data/image_5095.png,middle
13,/content/filtered_data/image_5096.png,young
23,/content/filtered_data/image_5097.png,middle
47,/content/filtered_data/image_5098.png,middle
37,/content/filtered_data/image_5099.png,middle
22,/content/filtered_data/image_5100.png,middle
75,/content/filtered_data/image_5101.png,old
28,/content/filtered_data/image_5102.png,middle
25,/content/filtered_data/image_5103.png,middle
2,/content/filtered_data/image_5104.png,young
27,/content/filtered_data/image_5105.png,middle
58,/content/filtered_data/image_5106.png,middle
17,/content/filtered_data/image_5107.png,young
26,/content/filtered_data/image_5108.png,middle
4,/content/filtered_data/image_5109.png,young
24,/content/filtered_data/image_5110.png,middle
39,/content/filtered_data/image_5111.png,middle
66,/content/filtered_data/image_5112.png,old
68,/content/filtered_data/image_5113.png,old
23,/content/filtered_data/image_5114.png,middle
38,/content/filtered_data/image_5115.png,middle
44,/content/filtered_data/image_5116.png,middle
17,/content/filtered_data/image_5117.png,young
32,/content/filtered_data/image_5118.png,middle
29,/content/filtered_data/image_5119.png,middle
25,/content/filtered_data/image_5120.png,middle
40,/content/filtered_data/image_5121.png,middle
27,/content/filtered_data/image_5122.png,middle
37,/content/filtered_data/image_5123.png,middle
28,/content/filtered_data/image_5124.png,middle
27,/content/filtered_data/image_5125.png,middle
5,/content/filtered_data/image_5126.png,young
28,/content/filtered_data/image_5127.png,middle
27,/content/filtered_data/image_5128.png,middle
38,/content/filtered_data/image_5129.png,middle
34,/content/filtered_data/image_5130.png,middle
30,/content/filtered_data/image_5131.png,middle
1,/content/filtered_data/image_5132.png,young
42,/content/filtered_data/image_5133.png,middle
33,/content/filtered_data/image_5134.png,middle
29,/content/filtered_data/image_5135.png,middle
35,/content/filtered_data/image_5136.png,middle
20,/content/filtered_data/image_5137.png,middle
72,/content/filtered_data/image_5138.png,old
23,/content/filtered_data/image_5139.png,middle
31,/content/filtered_data/image_5140.png,middle
7,/content/filtered_data/image_5141.png,young
46,/content/filtered_data/image_5142.png,middle
30,/content/filtered_data/image_5143.png,middle
22,/content/filtered_data/image_5144.png,middle
90,/content/filtered_data/image_5145.png,old
30,/content/filtered_data/image_5146.png,middle
38,/content/filtered_data/image_5147.png,middle
26,/content/filtered_data/image_5148.png,middle
27,/content/filtered_data/image_5149.png,middle
25,/content/filtered_data/image_5150.png,middle
22,/content/filtered_data/image_5151.png,middle
44,/content/filtered_data/image_5152.png,middle
13,/content/filtered_data/image_5153.png,young
47,/content/filtered_data/image_5154.png,middle
24,/content/filtered_data/image_5155.png,middle
56,/content/filtered_data/image_5156.png,middle
37,/content/filtered_data/image_5157.png,middle
30,/content/filtered_data/image_5158.png,middle
54,/content/filtered_data/image_5159.png,middle
32,/content/filtered_data/image_5160.png,middle
16,/content/filtered_data/image_5161.png,young
35,/content/filtered_data/image_5162.png,middle
22,/content/filtered_data/image_5163.png,middle
42,/content/filtered_data/image_5164.png,middle
23,/content/filtered_data/image_5165.png,middle
20,/content/filtered_data/image_5166.png,middle
22,/content/filtered_data/image_5167.png,middle
19,/content/filtered_data/image_5168.png,young
17,/content/filtered_data/image_5169.png,young
29,/content/filtered_data/image_5170.png,middle
34,/content/filtered_data/image_5171.png,middle
26,/content/filtered_data/image_5172.png,middle
36,/content/filtered_data/image_5173.png,middle
44,/content/filtered_data/image_5174.png,middle
1,/content/filtered_data/image_5175.png,young
21,/content/filtered_data/image_5176.png,middle
37,/content/filtered_data/image_5177.png,middle
26,/content/filtered_data/image_5178.png,middle
39,/content/filtered_data/image_5179.png,middle
31,/content/filtered_data/image_5180.png,middle
66,/content/filtered_data/image_5181.png,old
30,/content/filtered_data/image_5182.png,middle
29,/content/filtered_data/image_5183.png,middle
28,/content/filtered_data/image_5184.png,middle
44,/content/filtered_data/image_5185.png,middle
27,/content/filtered_data/image_5186.png,middle
30,/content/filtered_data/image_5187.png,middle
16,/content/filtered_data/image_5188.png,young
25,/content/filtered_data/image_5189.png,middle
21,/content/filtered_data/image_5190.png,middle
16,/content/filtered_data/image_5191.png,young
46,/content/filtered_data/image_5192.png,middle
52,/content/filtered_data/image_5193.png,middle
25,/content/filtered_data/image_5194.png,middle
47,/content/filtered_data/image_5195.png,middle
29,/content/filtered_data/image_5196.png,middle
44,/content/filtered_data/image_5197.png,middle
44,/content/filtered_data/image_5198.png,middle
32,/content/filtered_data/image_5199.png,middle
23,/content/filtered_data/image_5200.png,middle
14,/content/filtered_data/image_5201.png,young
27,/content/filtered_data/image_5202.png,middle
11,/content/filtered_data/image_5203.png,young
16,/content/filtered_data/image_5204.png,young
65,/content/filtered_data/image_5205.png,old
43,/content/filtered_data/image_5206.png,middle
20,/content/filtered_data/image_5207.png,middle
55,/content/filtered_data/image_5208.png,middle
35,/content/filtered_data/image_5209.png,middle
13,/content/filtered_data/image_5210.png,young
38,/content/filtered_data/image_5211.png,middle
34,/content/filtered_data/image_5212.png,middle
79,/content/filtered_data/image_5213.png,old
49,/content/filtered_data/image_5214.png,middle
35,/content/filtered_data/image_5215.png,middle
30,/content/filtered_data/image_5216.png,middle
34,/content/filtered_data/image_5217.png,middle
37,/content/filtered_data/image_5218.png,middle
20,/content/filtered_data/image_5219.png,middle
22,/content/filtered_data/image_5220.png,middle
26,/content/filtered_data/image_5221.png,middle
51,/content/filtered_data/image_5222.png,middle
29,/content/filtered_data/image_5223.png,middle
25,/content/filtered_data/image_5224.png,middle
16,/content/filtered_data/image_5225.png,young
39,/content/filtered_data/image_5226.png,middle
30,/content/filtered_data/image_5227.png,middle
22,/content/filtered_data/image_5228.png,middle
32,/content/filtered_data/image_5229.png,middle
44,/content/filtered_data/image_5230.png,middle
1,/content/filtered_data/image_5231.png,young
40,/content/filtered_data/image_5232.png,middle
30,/content/filtered_data/image_5233.png,middle
31,/content/filtered_data/image_5234.png,middle
23,/content/filtered_data/image_5235.png,middle
51,/content/filtered_data/image_5236.png,middle
35,/content/filtered_data/image_5237.png,middle
41,/content/filtered_data/image_5238.png,middle
28,/content/filtered_data/image_5239.png,middle
38,/content/filtered_data/image_5240.png,middle
25,/content/filtered_data/image_5241.png,middle
58,/content/filtered_data/image_5242.png,middle
14,/content/filtered_data/image_5243.png,young
37,/content/filtered_data/image_5244.png,middle
23,/content/filtered_data/image_5245.png,middle
18,/content/filtered_data/image_5246.png,young
17,/content/filtered_data/image_5247.png,young
22,/content/filtered_data/image_5248.png,middle
20,/content/filtered_data/image_5249.png,middle
59,/content/filtered_data/image_5250.png,middle
45,/content/filtered_data/image_5251.png,middle
50,/content/filtered_data/image_5252.png,middle
35,/content/filtered_data/image_5253.png,middle
15,/content/filtered_data/image_5254.png,young
35,/content/filtered_data/image_5255.png,middle
22,/content/filtered_data/image_5256.png,middle
2,/content/filtered_data/image_5257.png,young
20,/content/filtered_data/image_5258.png,middle
56,/content/filtered_data/image_5259.png,middle
61,/content/filtered_data/image_5260.png,old
33,/content/filtered_data/image_5261.png,middle
25,/content/filtered_data/image_5262.png,middle
16,/content/filtered_data/image_5263.png,young
50,/content/filtered_data/image_5264.png,middle
40,/content/filtered_data/image_5265.png,middle
24,/content/filtered_data/image_5266.png,middle
23,/content/filtered_data/image_5267.png,middle
43,/content/filtered_data/image_5268.png,middle
37,/content/filtered_data/image_5269.png,middle
25,/content/filtered_data/image_5270.png,middle
39,/content/filtered_data/image_5271.png,middle
38,/content/filtered_data/image_5272.png,middle
19,/content/filtered_data/image_5273.png,young
26,/content/filtered_data/image_5274.png,middle
26,/content/filtered_data/image_5275.png,middle
26,/content/filtered_data/image_5276.png,middle
1,/content/filtered_data/image_5277.png,young
16,/content/filtered_data/image_5278.png,young
21,/content/filtered_data/image_5279.png,middle
26,/content/filtered_data/image_5280.png,middle
30,/content/filtered_data/image_5281.png,middle
70,/content/filtered_data/image_5282.png,old
61,/content/filtered_data/image_5283.png,old
34,/content/filtered_data/image_5284.png,middle
25,/content/filtered_data/image_5285.png,middle
50,/content/filtered_data/image_5286.png,middle
67,/content/filtered_data/image_5287.png,old
9,/content/filtered_data/image_5288.png,young
24,/content/filtered_data/image_5289.png,middle
34,/content/filtered_data/image_5290.png,middle
27,/content/filtered_data/image_5291.png,middle
41,/content/filtered_data/image_5292.png,middle
50,/content/filtered_data/image_5293.png,middle
14,/content/filtered_data/image_5294.png,young
24,/content/filtered_data/image_5295.png,middle
15,/content/filtered_data/image_5296.png,young
35,/content/filtered_data/image_5297.png,middle
18,/content/filtered_data/image_5298.png,young
54,/content/filtered_data/image_5299.png,middle
75,/content/filtered_data/image_5300.png,old
13,/content/filtered_data/image_5301.png,young
51,/content/filtered_data/image_5302.png,middle
46,/content/filtered_data/image_5303.png,middle
28,/content/filtered_data/image_5304.png,middle
27,/content/filtered_data/image_5305.png,middle
51,/content/filtered_data/image_5306.png,middle
22,/content/filtered_data/image_5307.png,middle
51,/content/filtered_data/image_5308.png,middle
28,/content/filtered_data/image_5309.png,middle
30,/content/filtered_data/image_5310.png,middle
56,/content/filtered_data/image_5311.png,middle
16,/content/filtered_data/image_5312.png,young
44,/content/filtered_data/image_5313.png,middle
27,/content/filtered_data/image_5314.png,middle
20,/content/filtered_data/image_5315.png,middle
24,/content/filtered_data/image_5316.png,middle
57,/content/filtered_data/image_5317.png,middle
22,/content/filtered_data/image_5318.png,middle
84,/content/filtered_data/image_5319.png,old
20,/content/filtered_data/image_5320.png,middle
18,/content/filtered_data/image_5321.png,young
90,/content/filtered_data/image_5322.png,old
16,/content/filtered_data/image_5323.png,young
64,/content/filtered_data/image_5324.png,old
41,/content/filtered_data/image_5325.png,middle
34,/content/filtered_data/image_5326.png,middle
20,/content/filtered_data/image_5327.png,middle
43,/content/filtered_data/image_5328.png,middle
37,/content/filtered_data/image_5329.png,middle
39,/content/filtered_data/image_5330.png,middle
19,/content/filtered_data/image_5331.png,young
36,/content/filtered_data/image_5332.png,middle
21,/content/filtered_data/image_5333.png,middle
52,/content/filtered_data/image_5334.png,middle
44,/content/filtered_data/image_5335.png,middle
23,/content/filtered_data/image_5336.png,middle
20,/content/filtered_data/image_5337.png,middle
2,/content/filtered_data/image_5338.png,young
18,/content/filtered_data/image_5339.png,young
35,/content/filtered_data/image_5340.png,middle
17,/content/filtered_data/image_5341.png,young
45,/content/filtered_data/image_5342.png,middle
27,/content/filtered_data/image_5343.png,middle
19,/content/filtered_data/image_5344.png,young
33,/content/filtered_data/image_5345.png,middle
20,/content/filtered_data/image_5346.png,middle
50,/content/filtered_data/image_5347.png,middle
51,/content/filtered_data/image_5348.png,middle
50,/content/filtered_data/image_5349.png,middle
30,/content/filtered_data/image_5350.png,middle
11,/content/filtered_data/image_5351.png,young
34,/content/filtered_data/image_5352.png,middle
22,/content/filtered_data/image_5353.png,middle
15,/content/filtered_data/image_5354.png,young
11,/content/filtered_data/image_5355.png,young
38,/content/filtered_data/image_5356.png,middle
17,/content/filtered_data/image_5357.png,young
71,/content/filtered_data/image_5358.png,old
68,/content/filtered_data/image_5359.png,old
33,/content/filtered_data/image_5360.png,middle
46,/content/filtered_data/image_5361.png,middle
30,/content/filtered_data/image_5362.png,middle
50,/content/filtered_data/image_5363.png,middle
49,/content/filtered_data/image_5364.png,middle
30,/content/filtered_data/image_5365.png,middle
5,/content/filtered_data/image_5366.png,young
27,/content/filtered_data/image_5367.png,middle
40,/content/filtered_data/image_5368.png,middle
28,/content/filtered_data/image_5369.png,middle
24,/content/filtered_data/image_5370.png,middle
25,/content/filtered_data/image_5371.png,middle
14,/content/filtered_data/image_5372.png,young
17,/content/filtered_data/image_5373.png,young
14,/content/filtered_data/image_5374.png,young
20,/content/filtered_data/image_5375.png,middle
19,/content/filtered_data/image_5376.png,young
28,/content/filtered_data/image_5377.png,middle
22,/content/filtered_data/image_5378.png,middle
34,/content/filtered_data/image_5379.png,middle
23,/content/filtered_data/image_5380.png,middle
22,/content/filtered_data/image_5381.png,middle
32,/content/filtered_data/image_5382.png,middle
39,/content/filtered_data/image_5383.png,middle
24,/content/filtered_data/image_5384.png,middle
34,/content/filtered_data/image_5385.png,middle
25,/content/filtered_data/image_5386.png,middle
24,/content/filtered_data/image_5387.png,middle
19,/content/filtered_data/image_5388.png,young
36,/content/filtered_data/image_5389.png,middle
17,/content/filtered_data/image_5390.png,young
60,/content/filtered_data/image_5391.png,middle
22,/content/filtered_data/image_5392.png,middle
20,/content/filtered_data/image_5393.png,middle
51,/content/filtered_data/image_5394.png,middle
20,/content/filtered_data/image_5395.png,middle
23,/content/filtered_data/image_5396.png,middle
38,/content/filtered_data/image_5397.png,middle
67,/content/filtered_data/image_5398.png,old
65,/content/filtered_data/image_5399.png,old
18,/content/filtered_data/image_5400.png,young
27,/content/filtered_data/image_5401.png,middle
42,/content/filtered_data/image_5402.png,middle
49,/content/filtered_data/image_5403.png,middle
20,/content/filtered_data/image_5404.png,middle
25,/content/filtered_data/image_5405.png,middle
20,/content/filtered_data/image_5406.png,middle
31,/content/filtered_data/image_5407.png,middle
19,/content/filtered_data/image_5408.png,young
37,/content/filtered_data/image_5409.png,middle
34,/content/filtered_data/image_5410.png,middle
52,/content/filtered_data/image_5411.png,middle
50,/content/filtered_data/image_5412.png,middle
20,/content/filtered_data/image_5413.png,middle
56,/content/filtered_data/image_5414.png,middle
62,/content/filtered_data/image_5415.png,old
47,/content/filtered_data/image_5416.png,middle
17,/content/filtered_data/image_5417.png,young
45,/content/filtered_data/image_5418.png,middle
35,/content/filtered_data/image_5419.png,middle
37,/content/filtered_data/image_5420.png,middle
41,/content/filtered_data/image_5421.png,middle
32,/content/filtered_data/image_5422.png,middle
20,/content/filtered_data/image_5423.png,middle
18,/content/filtered_data/image_5424.png,young
47,/content/filtered_data/image_5425.png,middle
43,/content/filtered_data/image_5426.png,middle
48,/content/filtered_data/image_5427.png,middle
42,/content/filtered_data/image_5428.png,middle
23,/content/filtered_data/image_5429.png,middle
44,/content/filtered_data/image_5430.png,middle
36,/content/filtered_data/image_5431.png,middle
23,/content/filtered_data/image_5432.png,middle
21,/content/filtered_data/image_5433.png,middle
40,/content/filtered_data/image_5434.png,middle
15,/content/filtered_data/image_5435.png,young
45,/content/filtered_data/image_5436.png,middle
20,/content/filtered_data/image_5437.png,middle
19,/content/filtered_data/image_5438.png,young
19,/content/filtered_data/image_5439.png,young
17,/content/filtered_data/image_5440.png,young
31,/content/filtered_data/image_5441.png,middle
38,/content/filtered_data/image_5442.png,middle
42,/content/filtered_data/image_5443.png,middle
39,/content/filtered_data/image_5444.png,middle
25,/content/filtered_data/image_5445.png,middle
22,/content/filtered_data/image_5446.png,middle
34,/content/filtered_data/image_5447.png,middle
28,/content/filtered_data/image_5448.png,middle
19,/content/filtered_data/image_5449.png,young
21,/content/filtered_data/image_5450.png,middle
40,/content/filtered_data/image_5451.png,middle
24,/content/filtered_data/image_5452.png,middle
29,/content/filtered_data/image_5453.png,middle
7,/content/filtered_data/image_5454.png,young
42,/content/filtered_data/image_5455.png,middle
30,/content/filtered_data/image_5456.png,middle
5,/content/filtered_data/image_5457.png,young
44,/content/filtered_data/image_5458.png,middle
25,/content/filtered_data/image_5459.png,middle
33,/content/filtered_data/image_5460.png,middle
14,/content/filtered_data/image_5461.png,young
31,/content/filtered_data/image_5462.png,middle
21,/content/filtered_data/image_5463.png,middle
28,/content/filtered_data/image_5464.png,middle
69,/content/filtered_data/image_5465.png,old
28,/content/filtered_data/image_5466.png,middle
29,/content/filtered_data/image_5467.png,middle
47,/content/filtered_data/image_5468.png,middle
31,/content/filtered_data/image_5469.png,middle
25,/content/filtered_data/image_5470.png,middle
59,/content/filtered_data/image_5471.png,middle
23,/content/filtered_data/image_5472.png,middle
46,/content/filtered_data/image_5473.png,middle
46,/content/filtered_data/image_5474.png,middle
16,/content/filtered_data/image_5475.png,young
19,/content/filtered_data/image_5476.png,young
28,/content/filtered_data/image_5477.png,middle
33,/content/filtered_data/image_5478.png,middle
27,/content/filtered_data/image_5479.png,middle
22,/content/filtered_data/image_5480.png,middle
43,/content/filtered_data/image_5481.png,middle
57,/content/filtered_data/image_5482.png,middle
35,/content/filtered_data/image_5483.png,middle
48,/content/filtered_data/image_5484.png,middle
19,/content/filtered_data/image_5485.png,young
14,/content/filtered_data/image_5486.png,young
20,/content/filtered_data/image_5487.png,middle
26,/content/filtered_data/image_5488.png,middle
48,/content/filtered_data/image_5489.png,middle
27,/content/filtered_data/image_5490.png,middle
27,/content/filtered_data/image_5491.png,middle
30,/content/filtered_data/image_5492.png,middle
28,/content/filtered_data/image_5493.png,middle
20,/content/filtered_data/image_5494.png,middle
21,/content/filtered_data/image_5495.png,middle
45,/content/filtered_data/image_5496.png,middle
21,/content/filtered_data/image_5497.png,middle
32,/content/filtered_data/image_5498.png,middle
40,/content/filtered_data/image_5499.png,middle
42,/content/filtered_data/image_5500.png,middle
27,/content/filtered_data/image_5501.png,middle
26,/content/filtered_data/image_5502.png,middle
34,/content/filtered_data/image_5503.png,middle
34,/content/filtered_data/image_5504.png,middle
39,/content/filtered_data/image_5505.png,middle
30,/content/filtered_data/image_5506.png,middle
12,/content/filtered_data/image_5507.png,young
38,/content/filtered_data/image_5508.png,middle
27,/content/filtered_data/image_5509.png,middle
23,/content/filtered_data/image_5510.png,middle
54,/content/filtered_data/image_5511.png,middle
83,/content/filtered_data/image_5512.png,old
17,/content/filtered_data/image_5513.png,young
22,/content/filtered_data/image_5514.png,middle
49,/content/filtered_data/image_5515.png,middle
14,/content/filtered_data/image_5516.png,young
20,/content/filtered_data/image_5517.png,middle
23,/content/filtered_data/image_5518.png,middle
36,/content/filtered_data/image_5519.png,middle
29,/content/filtered_data/image_5520.png,middle
25,/content/filtered_data/image_5521.png,middle
14,/content/filtered_data/image_5522.png,young
17,/content/filtered_data/image_5523.png,young
59,/content/filtered_data/image_5524.png,middle
22,/content/filtered_data/image_5525.png,middle
43,/content/filtered_data/image_5526.png,middle
32,/content/filtered_data/image_5527.png,middle
26,/content/filtered_data/image_5528.png,middle
22,/content/filtered_data/image_5529.png,middle
47,/content/filtered_data/image_5530.png,middle
40,/content/filtered_data/image_5531.png,middle
29,/content/filtered_data/image_5532.png,middle
56,/content/filtered_data/image_5533.png,middle
53,/content/filtered_data/image_5534.png,middle
12,/content/filtered_data/image_5535.png,young
67,/content/filtered_data/image_5536.png,old
17,/content/filtered_data/image_5537.png,young
39,/content/filtered_data/image_5538.png,middle
32,/content/filtered_data/image_5539.png,middle
34,/content/filtered_data/image_5540.png,middle
22,/content/filtered_data/image_5541.png,middle
45,/content/filtered_data/image_5542.png,middle
25,/content/filtered_data/image_5543.png,middle
35,/content/filtered_data/image_5544.png,middle
29,/content/filtered_data/image_5545.png,middle
15,/content/filtered_data/image_5546.png,young
27,/content/filtered_data/image_5547.png,middle
28,/content/filtered_data/image_5548.png,middle
45,/content/filtered_data/image_5549.png,middle
23,/content/filtered_data/image_5550.png,middle
16,/content/filtered_data/image_5551.png,young
53,/content/filtered_data/image_5552.png,middle
30,/content/filtered_data/image_5553.png,middle
28,/content/filtered_data/image_5554.png,middle
30,/content/filtered_data/image_5555.png,middle
50,/content/filtered_data/image_5556.png,middle
24,/content/filtered_data/image_5557.png,middle
42,/content/filtered_data/image_5558.png,middle
33,/content/filtered_data/image_5559.png,middle
14,/content/filtered_data/image_5560.png,young
55,/content/filtered_data/image_5561.png,middle
47,/content/filtered_data/image_5562.png,middle
19,/content/filtered_data/image_5563.png,young
33,/content/filtered_data/image_5564.png,middle
16,/content/filtered_data/image_5565.png,young
34,/content/filtered_data/image_5566.png,middle
52,/content/filtered_data/image_5567.png,middle
14,/content/filtered_data/image_5568.png,young
73,/content/filtered_data/image_5569.png,old
28,/content/filtered_data/image_5570.png,middle
65,/content/filtered_data/image_5571.png,old
33,/content/filtered_data/image_5572.png,middle
72,/content/filtered_data/image_5573.png,old
14,/content/filtered_data/image_5574.png,young
47,/content/filtered_data/image_5575.png,middle
34,/content/filtered_data/image_5576.png,middle
60,/content/filtered_data/image_5577.png,middle
28,/content/filtered_data/image_5578.png,middle
21,/content/filtered_data/image_5579.png,middle
27,/content/filtered_data/image_5580.png,middle
28,/content/filtered_data/image_5581.png,middle
41,/content/filtered_data/image_5582.png,middle
31,/content/filtered_data/image_5583.png,middle
17,/content/filtered_data/image_5584.png,young
28,/content/filtered_data/image_5585.png,middle
12,/content/filtered_data/image_5586.png,young
30,/content/filtered_data/image_5587.png,middle
42,/content/filtered_data/image_5588.png,middle
13,/content/filtered_data/image_5589.png,young
24,/content/filtered_data/image_5590.png,middle
19,/content/filtered_data/image_5591.png,young
76,/content/filtered_data/image_5592.png,old
40,/content/filtered_data/image_5593.png,middle
21,/content/filtered_data/image_5594.png,middle
34,/content/filtered_data/image_5595.png,middle
36,/content/filtered_data/image_5596.png,middle
36,/content/filtered_data/image_5597.png,middle
52,/content/filtered_data/image_5598.png,middle
16,/content/filtered_data/image_5599.png,young
59,/content/filtered_data/image_5600.png,middle
53,/content/filtered_data/image_5601.png,middle
32,/content/filtered_data/image_5602.png,middle
27,/content/filtered_data/image_5603.png,middle
22,/content/filtered_data/image_5604.png,middle
32,/content/filtered_data/image_5605.png,middle
89,/content/filtered_data/image_5606.png,old
15,/content/filtered_data/image_5607.png,young
35,/content/filtered_data/image_5608.png,middle
43,/content/filtered_data/image_5609.png,middle
28,/content/filtered_data/image_5610.png,middle
41,/content/filtered_data/image_5611.png,middle
19,/content/filtered_data/image_5612.png,young
33,/content/filtered_data/image_5613.png,middle
20,/content/filtered_data/image_5614.png,middle
51,/content/filtered_data/image_5615.png,middle
27,/content/filtered_data/image_5616.png,middle
69,/content/filtered_data/image_5617.png,old
38,/content/filtered_data/image_5618.png,middle
27,/content/filtered_data/image_5619.png,middle
52,/content/filtered_data/image_5620.png,middle
55,/content/filtered_data/image_5621.png,middle
73,/content/filtered_data/image_5622.png,old
53,/content/filtered_data/image_5623.png,middle
14,/content/filtered_data/image_5624.png,young
23,/content/filtered_data/image_5625.png,middle
47,/content/filtered_data/image_5626.png,middle
31,/content/filtered_data/image_5627.png,middle
14,/content/filtered_data/image_5628.png,young
21,/content/filtered_data/image_5629.png,middle
58,/content/filtered_data/image_5630.png,middle
32,/content/filtered_data/image_5631.png,middle
32,/content/filtered_data/image_5632.png,middle
43,/content/filtered_data/image_5633.png,middle
28,/content/filtered_data/image_5634.png,middle
33,/content/filtered_data/image_5635.png,middle
51,/content/filtered_data/image_5636.png,middle
36,/content/filtered_data/image_5637.png,middle
23,/content/filtered_data/image_5638.png,middle
14,/content/filtered_data/image_5639.png,young
33,/content/filtered_data/image_5640.png,middle
53,/content/filtered_data/image_5641.png,middle
16,/content/filtered_data/image_5642.png,young
35,/content/filtered_data/image_5643.png,middle
48,/content/filtered_data/image_5644.png,middle
65,/content/filtered_data/image_5645.png,old
53,/content/filtered_data/image_5646.png,middle
38,/content/filtered_data/image_5647.png,middle
52,/content/filtered_data/image_5648.png,middle
14,/content/filtered_data/image_5649.png,young
21,/content/filtered_data/image_5650.png,middle
79,/content/filtered_data/image_5651.png,old
36,/content/filtered_data/image_5652.png,middle
56,/content/filtered_data/image_5653.png,middle
33,/content/filtered_data/image_5654.png,middle
51,/content/filtered_data/image_5655.png,middle
43,/content/filtered_data/image_5656.png,middle
29,/content/filtered_data/image_5657.png,middle
31,/content/filtered_data/image_5658.png,middle
41,/content/filtered_data/image_5659.png,middle
57,/content/filtered_data/image_5660.png,middle
23,/content/filtered_data/image_5661.png,middle
34,/content/filtered_data/image_5662.png,middle
27,/content/filtered_data/image_5663.png,middle
22,/content/filtered_data/image_5664.png,middle
41,/content/filtered_data/image_5665.png,middle
7,/content/filtered_data/image_5666.png,young
24,/content/filtered_data/image_5667.png,middle
27,/content/filtered_data/image_5668.png,middle
24,/content/filtered_data/image_5669.png,middle
58,/content/filtered_data/image_5670.png,middle
19,/content/filtered_data/image_5671.png,young
15,/content/filtered_data/image_5672.png,young
40,/content/filtered_data/image_5673.png,middle
25,/content/filtered_data/image_5674.png,middle
42,/content/filtered_data/image_5675.png,middle
47,/content/filtered_data/image_5676.png,middle
41,/content/filtered_data/image_5677.png,middle
89,/content/filtered_data/image_5678.png,old
28,/content/filtered_data/image_5679.png,middle
42,/content/filtered_data/image_5680.png,middle
89,/content/filtered_data/image_5681.png,old
27,/content/filtered_data/image_5682.png,middle
43,/content/filtered_data/image_5683.png,middle
28,/content/filtered_data/image_5684.png,middle
33,/content/filtered_data/image_5685.png,middle
28,/content/filtered_data/image_5686.png,middle
75,/content/filtered_data/image_5687.png,old
88,/content/filtered_data/image_5688.png,old
32,/content/filtered_data/image_5689.png,middle
13,/content/filtered_data/image_5690.png,young
30,/content/filtered_data/image_5691.png,middle
56,/content/filtered_data/image_5692.png,middle
47,/content/filtered_data/image_5693.png,middle
32,/content/filtered_data/image_5694.png,middle
14,/content/filtered_data/image_5695.png,young
27,/content/filtered_data/image_5696.png,middle
61,/content/filtered_data/image_5697.png,old
17,/content/filtered_data/image_5698.png,young
48,/content/filtered_data/image_5699.png,middle
24,/content/filtered_data/image_5700.png,middle
20,/content/filtered_data/image_5701.png,middle
44,/content/filtered_data/image_5702.png,middle
9,/content/filtered_data/image_5703.png,young
36,/content/filtered_data/image_5704.png,middle
24,/content/filtered_data/image_5705.png,middle
21,/content/filtered_data/image_5706.png,middle
35,/content/filtered_data/image_5707.png,middle
28,/content/filtered_data/image_5708.png,middle
14,/content/filtered_data/image_5709.png,young
77,/content/filtered_data/image_5710.png,old
36,/content/filtered_data/image_5711.png,middle
41,/content/filtered_data/image_5712.png,middle
21,/content/filtered_data/image_5713.png,middle
46,/content/filtered_data/image_5714.png,middle
28,/content/filtered_data/image_5715.png,middle
32,/content/filtered_data/image_5716.png,middle
35,/content/filtered_data/image_5717.png,middle
32,/content/filtered_data/image_5718.png,middle
46,/content/filtered_data/image_5719.png,middle
32,/content/filtered_data/image_5720.png,middle
47,/content/filtered_data/image_5721.png,middle
24,/content/filtered_data/image_5722.png,middle
45,/content/filtered_data/image_5723.png,middle
74,/content/filtered_data/image_5724.png,old
34,/content/filtered_data/image_5725.png,middle
48,/content/filtered_data/image_5726.png,middle
33,/content/filtered_data/image_5727.png,middle
15,/content/filtered_data/image_5728.png,young
19,/content/filtered_data/image_5729.png,young
40,/content/filtered_data/image_5730.png,middle
34,/content/filtered_data/image_5731.png,middle
5,/content/filtered_data/image_5732.png,young
17,/content/filtered_data/image_5733.png,young
30,/content/filtered_data/image_5734.png,middle
22,/content/filtered_data/image_5735.png,middle
13,/content/filtered_data/image_5736.png,young
39,/content/filtered_data/image_5737.png,middle
52,/content/filtered_data/image_5738.png,middle
36,/content/filtered_data/image_5739.png,middle
48,/content/filtered_data/image_5740.png,middle
33,/content/filtered_data/image_5741.png,middle
28,/content/filtered_data/image_5742.png,middle
31,/content/filtered_data/image_5743.png,middle
22,/content/filtered_data/image_5744.png,middle
33,/content/filtered_data/image_5745.png,middle
42,/content/filtered_data/image_5746.png,middle
86,/content/filtered_data/image_5747.png,old
38,/content/filtered_data/image_5748.png,middle
43,/content/filtered_data/image_5749.png,middle
66,/content/filtered_data/image_5750.png,old
29,/content/filtered_data/image_5751.png,middle
38,/content/filtered_data/image_5752.png,middle
44,/content/filtered_data/image_5753.png,middle
94,/content/filtered_data/image_5754.png,old
34,/content/filtered_data/image_5755.png,middle
52,/content/filtered_data/image_5756.png,middle
73,/content/filtered_data/image_5757.png,old
46,/content/filtered_data/image_5758.png,middle
23,/content/filtered_data/image_5759.png,middle
58,/content/filtered_data/image_5760.png,middle
21,/content/filtered_data/image_5761.png,middle
20,/content/filtered_data/image_5762.png,middle
26,/content/filtered_data/image_5763.png,middle
38,/content/filtered_data/image_5764.png,middle
34,/content/filtered_data/image_5765.png,middle
30,/content/filtered_data/image_5766.png,middle
62,/content/filtered_data/image_5767.png,old
24,/content/filtered_data/image_5768.png,middle
24,/content/filtered_data/image_5769.png,middle
4,/content/filtered_data/image_5770.png,young
21,/content/filtered_data/image_5771.png,middle
46,/content/filtered_data/image_5772.png,middle
53,/content/filtered_data/image_5773.png,middle
34,/content/filtered_data/image_5774.png,middle
41,/content/filtered_data/image_5775.png,middle
43,/content/filtered_data/image_5776.png,middle
26,/content/filtered_data/image_5777.png,middle
4,/content/filtered_data/image_5778.png,young
27,/content/filtered_data/image_5779.png,middle
39,/content/filtered_data/image_5780.png,middle
24,/content/filtered_data/image_5781.png,middle
19,/content/filtered_data/image_5782.png,young
54,/content/filtered_data/image_5783.png,middle
97,/content/filtered_data/image_5784.png,old
41,/content/filtered_data/image_5785.png,middle
80,/content/filtered_data/image_5786.png,old
93,/content/filtered_data/image_5787.png,old
66,/content/filtered_data/image_5788.png,old
22,/content/filtered_data/image_5789.png,middle
31,/content/filtered_data/image_5790.png,middle
34,/content/filtered_data/image_5791.png,middle
38,/content/filtered_data/image_5792.png,middle
41,/content/filtered_data/image_5793.png,middle
24,/content/filtered_data/image_5794.png,middle
27,/content/filtered_data/image_5795.png,middle
28,/content/filtered_data/image_5796.png,middle
36,/content/filtered_data/image_5797.png,middle
34,/content/filtered_data/image_5798.png,middle
29,/content/filtered_data/image_5799.png,middle
28,/content/filtered_data/image_5800.png,middle
42,/content/filtered_data/image_5801.png,middle
37,/content/filtered_data/image_5802.png,middle
39,/content/filtered_data/image_5803.png,middle
47,/content/filtered_data/image_5804.png,middle
57,/content/filtered_data/image_5805.png,middle
39,/content/filtered_data/image_5806.png,middle
22,/content/filtered_data/image_5807.png,middle
24,/content/filtered_data/image_5808.png,middle
14,/content/filtered_data/image_5809.png,young
53,/content/filtered_data/image_5810.png,middle
37,/content/filtered_data/image_5811.png,middle
36,/content/filtered_data/image_5812.png,middle
32,/content/filtered_data/image_5813.png,middle
43,/content/filtered_data/image_5814.png,middle
43,/content/filtered_data/image_5815.png,middle
13,/content/filtered_data/image_5816.png,young
56,/content/filtered_data/image_5817.png,middle
65,/content/filtered_data/image_5818.png,old
38,/content/filtered_data/image_5819.png,middle
59,/content/filtered_data/image_5820.png,middle
29,/content/filtered_data/image_5821.png,middle
23,/content/filtered_data/image_5822.png,middle
15,/content/filtered_data/image_5823.png,young
40,/content/filtered_data/image_5824.png,middle
62,/content/filtered_data/image_5825.png,old
24,/content/filtered_data/image_5826.png,middle
24,/content/filtered_data/image_5827.png,middle
42,/content/filtered_data/image_5828.png,middle
24,/content/filtered_data/image_5829.png,middle
20,/content/filtered_data/image_5830.png,middle
38,/content/filtered_data/image_5831.png,middle
27,/content/filtered_data/image_5832.png,middle
35,/content/filtered_data/image_5833.png,middle
26,/content/filtered_data/image_5834.png,middle
23,/content/filtered_data/image_5835.png,middle
52,/content/filtered_data/image_5836.png,middle
33,/content/filtered_data/image_5837.png,middle
21,/content/filtered_data/image_5838.png,middle
33,/content/filtered_data/image_5839.png,middle
22,/content/filtered_data/image_5840.png,middle
20,/content/filtered_data/image_5841.png,middle
82,/content/filtered_data/image_5842.png,old
39,/content/filtered_data/image_5843.png,middle
27,/content/filtered_data/image_5844.png,middle
28,/content/filtered_data/image_5845.png,middle
23,/content/filtered_data/image_5846.png,middle
53,/content/filtered_data/image_5847.png,middle
42,/content/filtered_data/image_5848.png,middle
17,/content/filtered_data/image_5849.png,young
45,/content/filtered_data/image_5850.png,middle
37,/content/filtered_data/image_5851.png,middle
42,/content/filtered_data/image_5852.png,middle
27,/content/filtered_data/image_5853.png,middle
31,/content/filtered_data/image_5854.png,middle
29,/content/filtered_data/image_5855.png,middle
58,/content/filtered_data/image_5856.png,middle
72,/content/filtered_data/image_5857.png,old
58,/content/filtered_data/image_5858.png,middle
24,/content/filtered_data/image_5859.png,middle
29,/content/filtered_data/image_5860.png,middle
37,/content/filtered_data/image_5861.png,middle
27,/content/filtered_data/image_5862.png,middle
51,/content/filtered_data/image_5863.png,middle
4,/content/filtered_data/image_5864.png,young
37,/content/filtered_data/image_5865.png,middle
33,/content/filtered_data/image_5866.png,middle
82,/content/filtered_data/image_5867.png,old
27,/content/filtered_data/image_5868.png,middle
35,/content/filtered_data/image_5869.png,middle
53,/content/filtered_data/image_5870.png,middle
18,/content/filtered_data/image_5871.png,young
1,/content/filtered_data/image_5872.png,young
45,/content/filtered_data/image_5873.png,middle
23,/content/filtered_data/image_5874.png,middle
16,/content/filtered_data/image_5875.png,young
28,/content/filtered_data/image_5876.png,middle
66,/content/filtered_data/image_5877.png,old
38,/content/filtered_data/image_5878.png,middle
37,/content/filtered_data/image_5879.png,middle
38,/content/filtered_data/image_5880.png,middle
24,/content/filtered_data/image_5881.png,middle
36,/content/filtered_data/image_5882.png,middle
55,/content/filtered_data/image_5883.png,middle
28,/content/filtered_data/image_5884.png,middle
39,/content/filtered_data/image_5885.png,middle
34,/content/filtered_data/image_5886.png,middle
17,/content/filtered_data/image_5887.png,young
17,/content/filtered_data/image_5888.png,young
27,/content/filtered_data/image_5889.png,middle
57,/content/filtered_data/image_5890.png,middle
31,/content/filtered_data/image_5891.png,middle
24,/content/filtered_data/image_5892.png,middle
58,/content/filtered_data/image_5893.png,middle
25,/content/filtered_data/image_5894.png,middle
27,/content/filtered_data/image_5895.png,middle
31,/content/filtered_data/image_5896.png,middle
24,/content/filtered_data/image_5897.png,middle
23,/content/filtered_data/image_5898.png,middle
18,/content/filtered_data/image_5899.png,young
66,/content/filtered_data/image_5900.png,old
67,/content/filtered_data/image_5901.png,old
26,/content/filtered_data/image_5902.png,middle
27,/content/filtered_data/image_5903.png,middle
28,/content/filtered_data/image_5904.png,middle
28,/content/filtered_data/image_5905.png,middle
57,/content/filtered_data/image_5906.png,middle
80,/content/filtered_data/image_5907.png,old
26,/content/filtered_data/image_5908.png,middle
18,/content/filtered_data/image_5909.png,young
4,/content/filtered_data/image_5910.png,young
29,/content/filtered_data/image_5911.png,middle
44,/content/filtered_data/image_5912.png,middle
27,/content/filtered_data/image_5913.png,middle
94,/content/filtered_data/image_5914.png,old
57,/content/filtered_data/image_5915.png,middle
38,/content/filtered_data/image_5916.png,middle
38,/content/filtered_data/image_5917.png,middle
19,/content/filtered_data/image_5918.png,young
54,/content/filtered_data/image_5919.png,middle
43,/content/filtered_data/image_5920.png,middle
41,/content/filtered_data/image_5921.png,middle
38,/content/filtered_data/image_5922.png,middle
56,/content/filtered_data/image_5923.png,middle
61,/content/filtered_data/image_5924.png,old
38,/content/filtered_data/image_5925.png,middle
46,/content/filtered_data/image_5926.png,middle
62,/content/filtered_data/image_5927.png,old
38,/content/filtered_data/image_5928.png,middle
34,/content/filtered_data/image_5929.png,middle
77,/content/filtered_data/image_5930.png,old
49,/content/filtered_data/image_5931.png,middle
39,/content/filtered_data/image_5932.png,middle
32,/content/filtered_data/image_5933.png,middle
35,/content/filtered_data/image_5934.png,middle
67,/content/filtered_data/image_5935.png,old
25,/content/filtered_data/image_5936.png,middle
31,/content/filtered_data/image_5937.png,middle
57,/content/filtered_data/image_5938.png,middle
29,/content/filtered_data/image_5939.png,middle
18,/content/filtered_data/image_5940.png,young
36,/content/filtered_data/image_5941.png,middle
42,/content/filtered_data/image_5942.png,middle
14,/content/filtered_data/image_5943.png,young
26,/content/filtered_data/image_5944.png,middle
2,/content/filtered_data/image_5945.png,young
33,/content/filtered_data/image_5946.png,middle
41,/content/filtered_data/image_5947.png,middle
33,/content/filtered_data/image_5948.png,middle
24,/content/filtered_data/image_5949.png,middle
23,/content/filtered_data/image_5950.png,middle
37,/content/filtered_data/image_5951.png,middle
37,/content/filtered_data/image_5952.png,middle
32,/content/filtered_data/image_5953.png,middle
43,/content/filtered_data/image_5954.png,middle
16,/content/filtered_data/image_5955.png,young
32,/content/filtered_data/image_5956.png,middle
73,/content/filtered_data/image_5957.png,old
24,/content/filtered_data/image_5958.png,middle
49,/content/filtered_data/image_5959.png,middle
20,/content/filtered_data/image_5960.png,middle
38,/content/filtered_data/image_5961.png,middle
8,/content/filtered_data/image_5962.png,young
28,/content/filtered_data/image_5963.png,middle
26,/content/filtered_data/image_5964.png,middle
33,/content/filtered_data/image_5965.png,middle
44,/content/filtered_data/image_5966.png,middle
54,/content/filtered_data/image_5967.png,middle
17,/content/filtered_data/image_5968.png,young
33,/content/filtered_data/image_5969.png,middle
16,/content/filtered_data/image_5970.png,young
16,/content/filtered_data/image_5971.png,young
50,/content/filtered_data/image_5972.png,middle
72,/content/filtered_data/image_5973.png,old
57,/content/filtered_data/image_5974.png,middle
57,/content/filtered_data/image_5975.png,middle
52,/content/filtered_data/image_5976.png,middle
22,/content/filtered_data/image_5977.png,middle
37,/content/filtered_data/image_5978.png,middle
32,/content/filtered_data/image_5979.png,middle
36,/content/filtered_data/image_5980.png,middle
56,/content/filtered_data/image_5981.png,middle
54,/content/filtered_data/image_5982.png,middle
24,/content/filtered_data/image_5983.png,middle
20,/content/filtered_data/image_5984.png,middle
32,/content/filtered_data/image_5985.png,middle
31,/content/filtered_data/image_5986.png,middle
39,/content/filtered_data/image_5987.png,middle
58,/content/filtered_data/image_5988.png,middle
37,/content/filtered_data/image_5989.png,middle
42,/content/filtered_data/image_5990.png,middle
47,/content/filtered_data/image_5991.png,middle
38,/content/filtered_data/image_5992.png,middle
29,/content/filtered_data/image_5993.png,middle
34,/content/filtered_data/image_5994.png,middle
54,/content/filtered_data/image_5995.png,middle
18,/content/filtered_data/image_5996.png,young
24,/content/filtered_data/image_5997.png,middle
33,/content/filtered_data/image_5998.png,middle
44,/content/filtered_data/image_5999.png,middle
45,/content/filtered_data/image_6000.png,middle
34,/content/filtered_data/image_6001.png,middle
23,/content/filtered_data/image_6002.png,middle
39,/content/filtered_data/image_6003.png,middle
18,/content/filtered_data/image_6004.png,young
45,/content/filtered_data/image_6005.png,middle
30,/content/filtered_data/image_6006.png,middle
32,/content/filtered_data/image_6007.png,middle
29,/content/filtered_data/image_6008.png,middle
15,/content/filtered_data/image_6009.png,young
15,/content/filtered_data/image_6010.png,young
56,/content/filtered_data/image_6011.png,middle
44,/content/filtered_data/image_6012.png,middle
26,/content/filtered_data/image_6013.png,middle
32,/content/filtered_data/image_6014.png,middle
16,/content/filtered_data/image_6015.png,young
13,/content/filtered_data/image_6016.png,young
20,/content/filtered_data/image_6017.png,middle
23,/content/filtered_data/image_6018.png,middle
52,/content/filtered_data/image_6019.png,middle
36,/content/filtered_data/image_6020.png,middle
25,/content/filtered_data/image_6021.png,middle
67,/content/filtered_data/image_6022.png,old
8,/content/filtered_data/image_6023.png,young
39,/content/filtered_data/image_6024.png,middle
67,/content/filtered_data/image_6025.png,old
21,/content/filtered_data/image_6026.png,middle
18,/content/filtered_data/image_6027.png,young
35,/content/filtered_data/image_6028.png,middle
25,/content/filtered_data/image_6029.png,middle
29,/content/filtered_data/image_6030.png,middle
39,/content/filtered_data/image_6031.png,middle
26,/content/filtered_data/image_6032.png,middle
30,/content/filtered_data/image_6033.png,middle
51,/content/filtered_data/image_6034.png,middle
29,/content/filtered_data/image_6035.png,middle
35,/content/filtered_data/image_6036.png,middle
19,/content/filtered_data/image_6037.png,young
34,/content/filtered_data/image_6038.png,middle
77,/content/filtered_data/image_6039.png,old
32,/content/filtered_data/image_6040.png,middle
64,/content/filtered_data/image_6041.png,old
18,/content/filtered_data/image_6042.png,young
34,/content/filtered_data/image_6043.png,middle
13,/content/filtered_data/image_6044.png,young
39,/content/filtered_data/image_6045.png,middle
22,/content/filtered_data/image_6046.png,middle
37,/content/filtered_data/image_6047.png,middle
29,/content/filtered_data/image_6048.png,middle
33,/content/filtered_data/image_6049.png,middle
45,/content/filtered_data/image_6050.png,middle
64,/content/filtered_data/image_6051.png,old
29,/content/filtered_data/image_6052.png,middle
45,/content/filtered_data/image_6053.png,middle
22,/content/filtered_data/image_6054.png,middle
33,/content/filtered_data/image_6055.png,middle
47,/content/filtered_data/image_6056.png,middle
81,/content/filtered_data/image_6057.png,old
77,/content/filtered_data/image_6058.png,old
27,/content/filtered_data/image_6059.png,middle
31,/content/filtered_data/image_6060.png,middle
26,/content/filtered_data/image_6061.png,middle
38,/content/filtered_data/image_6062.png,middle
55,/content/filtered_data/image_6063.png,middle
27,/content/filtered_data/image_6064.png,middle
28,/content/filtered_data/image_6065.png,middle
26,/content/filtered_data/image_6066.png,middle
32,/content/filtered_data/image_6067.png,middle
42,/content/filtered_data/image_6068.png,middle
35,/content/filtered_data/image_6069.png,middle
48,/content/filtered_data/image_6070.png,middle
18,/content/filtered_data/image_6071.png,young
84,/content/filtered_data/image_6072.png,old
68,/content/filtered_data/image_6073.png,old
24,/content/filtered_data/image_6074.png,middle
14,/content/filtered_data/image_6075.png,young
11,/content/filtered_data/image_6076.png,young
34,/content/filtered_data/image_6077.png,middle
47,/content/filtered_data/image_6078.png,middle
19,/content/filtered_data/image_6079.png,young
46,/content/filtered_data/image_6080.png,middle
50,/content/filtered_data/image_6081.png,middle
34,/content/filtered_data/image_6082.png,middle
28,/content/filtered_data/image_6083.png,middle
36,/content/filtered_data/image_6084.png,middle
28,/content/filtered_data/image_6085.png,middle
18,/content/filtered_data/image_6086.png,young
23,/content/filtered_data/image_6087.png,middle
23,/content/filtered_data/image_6088.png,middle
18,/content/filtered_data/image_6089.png,young
67,/content/filtered_data/image_6090.png,old
74,/content/filtered_data/image_6091.png,old
45,/content/filtered_data/image_6092.png,middle
95,/content/filtered_data/image_6093.png,old
71,/content/filtered_data/image_6094.png,old
46,/content/filtered_data/image_6095.png,middle
58,/content/filtered_data/image_6096.png,middle
38,/content/filtered_data/image_6097.png,middle
48,/content/filtered_data/image_6098.png,middle
26,/content/filtered_data/image_6099.png,middle
19,/content/filtered_data/image_6100.png,young
32,/content/filtered_data/image_6101.png,middle
26,/content/filtered_data/image_6102.png,middle
37,/content/filtered_data/image_6103.png,middle
33,/content/filtered_data/image_6104.png,middle
27,/content/filtered_data/image_6105.png,middle
15,/content/filtered_data/image_6106.png,young
18,/content/filtered_data/image_6107.png,young
45,/content/filtered_data/image_6108.png,middle
22,/content/filtered_data/image_6109.png,middle
52,/content/filtered_data/image_6110.png,middle
47,/content/filtered_data/image_6111.png,middle
29,/content/filtered_data/image_6112.png,middle
46,/content/filtered_data/image_6113.png,middle
68,/content/filtered_data/image_6114.png,old
26,/content/filtered_data/image_6115.png,middle
31,/content/filtered_data/image_6116.png,middle
25,/content/filtered_data/image_6117.png,middle
31,/content/filtered_data/image_6118.png,middle
24,/content/filtered_data/image_6119.png,middle
35,/content/filtered_data/image_6120.png,middle
17,/content/filtered_data/image_6121.png,young
61,/content/filtered_data/image_6122.png,old
34,/content/filtered_data/image_6123.png,middle
34,/content/filtered_data/image_6124.png,middle
20,/content/filtered_data/image_6125.png,middle
42,/content/filtered_data/image_6126.png,middle
16,/content/filtered_data/image_6127.png,young
42,/content/filtered_data/image_6128.png,middle
38,/content/filtered_data/image_6129.png,middle
54,/content/filtered_data/image_6130.png,middle
16,/content/filtered_data/image_6131.png,young
36,/content/filtered_data/image_6132.png,middle
16,/content/filtered_data/image_6133.png,young
28,/content/filtered_data/image_6134.png,middle
48,/content/filtered_data/image_6135.png,middle
48,/content/filtered_data/image_6136.png,middle
24,/content/filtered_data/image_6137.png,middle
28,/content/filtered_data/image_6138.png,middle
13,/content/filtered_data/image_6139.png,young
52,/content/filtered_data/image_6140.png,middle
66,/content/filtered_data/image_6141.png,old
49,/content/filtered_data/image_6142.png,middle
13,/content/filtered_data/image_6143.png,young
25,/content/filtered_data/image_6144.png,middle
19,/content/filtered_data/image_6145.png,young
16,/content/filtered_data/image_6146.png,young
41,/content/filtered_data/image_6147.png,middle
59,/content/filtered_data/image_6148.png,middle
25,/content/filtered_data/image_6149.png,middle
16,/content/filtered_data/image_6150.png,young
75,/content/filtered_data/image_6151.png,old
64,/content/filtered_data/image_6152.png,old
65,/content/filtered_data/image_6153.png,old
39,/content/filtered_data/image_6154.png,middle
13,/content/filtered_data/image_6155.png,young
20,/content/filtered_data/image_6156.png,middle
18,/content/filtered_data/image_6157.png,young
25,/content/filtered_data/image_6158.png,middle
64,/content/filtered_data/image_6159.png,old
25,/content/filtered_data/image_6160.png,middle
29,/content/filtered_data/image_6161.png,middle
29,/content/filtered_data/image_6162.png,middle
16,/content/filtered_data/image_6163.png,young
18,/content/filtered_data/image_6164.png,young
63,/content/filtered_data/image_6165.png,old
33,/content/filtered_data/image_6166.png,middle
31,/content/filtered_data/image_6167.png,middle
25,/content/filtered_data/image_6168.png,middle
54,/content/filtered_data/image_6169.png,middle
18,/content/filtered_data/image_6170.png,young
69,/content/filtered_data/image_6171.png,old
61,/content/filtered_data/image_6172.png,old
28,/content/filtered_data/image_6173.png,middle
16,/content/filtered_data/image_6174.png,young
33,/content/filtered_data/image_6175.png,middle
43,/content/filtered_data/image_6176.png,middle
53,/content/filtered_data/image_6177.png,middle
35,/content/filtered_data/image_6178.png,middle
19,/content/filtered_data/image_6179.png,young
29,/content/filtered_data/image_6180.png,middle
24,/content/filtered_data/image_6181.png,middle
34,/content/filtered_data/image_6182.png,middle
3,/content/filtered_data/image_6183.png,young
55,/content/filtered_data/image_6184.png,middle
29,/content/filtered_data/image_6185.png,middle
85,/content/filtered_data/image_6186.png,old
66,/content/filtered_data/image_6187.png,old
37,/content/filtered_data/image_6188.png,middle
20,/content/filtered_data/image_6189.png,middle
33,/content/filtered_data/image_6190.png,middle
18,/content/filtered_data/image_6191.png,young
25,/content/filtered_data/image_6192.png,middle
65,/content/filtered_data/image_6193.png,old
55,/content/filtered_data/image_6194.png,middle
46,/content/filtered_data/image_6195.png,middle
52,/content/filtered_data/image_6196.png,middle
19,/content/filtered_data/image_6197.png,young
28,/content/filtered_data/image_6198.png,middle
26,/content/filtered_data/image_6199.png,middle
59,/content/filtered_data/image_6200.png,middle
75,/content/filtered_data/image_6201.png,old
13,/content/filtered_data/image_6202.png,young
26,/content/filtered_data/image_6203.png,middle
18,/content/filtered_data/image_6204.png,young
24,/content/filtered_data/image_6205.png,middle
18,/content/filtered_data/image_6206.png,young
14,/content/filtered_data/image_6207.png,young
27,/content/filtered_data/image_6208.png,middle
9,/content/filtered_data/image_6209.png,young
47,/content/filtered_data/image_6210.png,middle
22,/content/filtered_data/image_6211.png,middle
36,/content/filtered_data/image_6212.png,middle
27,/content/filtered_data/image_6213.png,middle
25,/content/filtered_data/image_6214.png,middle
26,/content/filtered_data/image_6215.png,middle
49,/content/filtered_data/image_6216.png,middle
31,/content/filtered_data/image_6217.png,middle
51,/content/filtered_data/image_6218.png,middle
16,/content/filtered_data/image_6219.png,young
37,/content/filtered_data/image_6220.png,middle
3,/content/filtered_data/image_6221.png,young
28,/content/filtered_data/image_6222.png,middle
96,/content/filtered_data/image_6223.png,old
55,/content/filtered_data/image_6224.png,middle
28,/content/filtered_data/image_6225.png,middle
37,/content/filtered_data/image_6226.png,middle
16,/content/filtered_data/image_6227.png,young
28,/content/filtered_data/image_6228.png,middle
38,/content/filtered_data/image_6229.png,middle
25,/content/filtered_data/image_6230.png,middle
45,/content/filtered_data/image_6231.png,middle
25,/content/filtered_data/image_6232.png,middle
38,/content/filtered_data/image_6233.png,middle
32,/content/filtered_data/image_6234.png,middle
48,/content/filtered_data/image_6235.png,middle
1,/content/filtered_data/image_6236.png,young
34,/content/filtered_data/image_6237.png,middle
24,/content/filtered_data/image_6238.png,middle
3,/content/filtered_data/image_6239.png,young
29,/content/filtered_data/image_6240.png,middle
35,/content/filtered_data/image_6241.png,middle
26,/content/filtered_data/image_6242.png,middle
87,/content/filtered_data/image_6243.png,old
25,/content/filtered_data/image_6244.png,middle
25,/content/filtered_data/image_6245.png,middle
75,/content/filtered_data/image_6246.png,old
50,/content/filtered_data/image_6247.png,middle
25,/content/filtered_data/image_6248.png,middle
29,/content/filtered_data/image_6249.png,middle
25,/content/filtered_data/image_6250.png,middle
25,/content/filtered_data/image_6251.png,middle
68,/content/filtered_data/image_6252.png,old
39,/content/filtered_data/image_6253.png,middle
37,/content/filtered_data/image_6254.png,middle
65,/content/filtered_data/image_6255.png,old
24,/content/filtered_data/image_6256.png,middle
25,/content/filtered_data/image_6257.png,middle
17,/content/filtered_data/image_6258.png,young
25,/content/filtered_data/image_6259.png,middle
13,/content/filtered_data/image_6260.png,young
94,/content/filtered_data/image_6261.png,old
49,/content/filtered_data/image_6262.png,middle
73,/content/filtered_data/image_6263.png,old
27,/content/filtered_data/image_6264.png,middle
32,/content/filtered_data/image_6265.png,middle
51,/content/filtered_data/image_6266.png,middle
33,/content/filtered_data/image_6267.png,middle
32,/content/filtered_data/image_6268.png,middle
18,/content/filtered_data/image_6269.png,young
21,/content/filtered_data/image_6270.png,middle
35,/content/filtered_data/image_6271.png,middle
25,/content/filtered_data/image_6272.png,middle
29,/content/filtered_data/image_6273.png,middle
27,/content/filtered_data/image_6274.png,middle
63,/content/filtered_data/image_6275.png,old
49,/content/filtered_data/image_6276.png,middle
3,/content/filtered_data/image_6277.png,young
15,/content/filtered_data/image_6278.png,young
81,/content/filtered_data/image_6279.png,old
29,/content/filtered_data/image_6280.png,middle
48,/content/filtered_data/image_6281.png,middle
15,/content/filtered_data/image_6282.png,young
48,/content/filtered_data/image_6283.png,middle
18,/content/filtered_data/image_6284.png,young
25,/content/filtered_data/image_6285.png,middle
76,/content/filtered_data/image_6286.png,old
37,/content/filtered_data/image_6287.png,middle
20,/content/filtered_data/image_6288.png,middle
18,/content/filtered_data/image_6289.png,young
16,/content/filtered_data/image_6290.png,young
25,/content/filtered_data/image_6291.png,middle
18,/content/filtered_data/image_6292.png,young
44,/content/filtered_data/image_6293.png,middle
34,/content/filtered_data/image_6294.png,middle
27,/content/filtered_data/image_6295.png,middle
3,/content/filtered_data/image_6296.png,young
28,/content/filtered_data/image_6297.png,middle
45,/content/filtered_data/image_6298.png,middle
56,/content/filtered_data/image_6299.png,middle
18,/content/filtered_data/image_6300.png,young
39,/content/filtered_data/image_6301.png,middle
25,/content/filtered_data/image_6302.png,middle
25,/content/filtered_data/image_6303.png,middle
49,/content/filtered_data/image_6304.png,middle
24,/content/filtered_data/image_6305.png,middle
95,/content/filtered_data/image_6306.png,old
44,/content/filtered_data/image_6307.png,middle
56,/content/filtered_data/image_6308.png,middle
54,/content/filtered_data/image_6309.png,middle
49,/content/filtered_data/image_6310.png,middle
20,/content/filtered_data/image_6311.png,middle
50,/content/filtered_data/image_6312.png,middle
34,/content/filtered_data/image_6313.png,middle
26,/content/filtered_data/image_6314.png,middle
26,/content/filtered_data/image_6315.png,middle
60,/content/filtered_data/image_6316.png,middle
20,/content/filtered_data/image_6317.png,middle
35,/content/filtered_data/image_6318.png,middle
55,/content/filtered_data/image_6319.png,middle
45,/content/filtered_data/image_6320.png,middle
39,/content/filtered_data/image_6321.png,middle
18,/content/filtered_data/image_6322.png,young
45,/content/filtered_data/image_6323.png,middle
32,/content/filtered_data/image_6324.png,middle
87,/content/filtered_data/image_6325.png,old
40,/content/filtered_data/image_6326.png,middle
17,/content/filtered_data/image_6327.png,young
29,/content/filtered_data/image_6328.png,middle
18,/content/filtered_data/image_6329.png,young
54,/content/filtered_data/image_6330.png,middle
28,/content/filtered_data/image_6331.png,middle
15,/content/filtered_data/image_6332.png,young
31,/content/filtered_data/image_6333.png,middle
51,/content/filtered_data/image_6334.png,middle
21,/content/filtered_data/image_6335.png,middle
45,/content/filtered_data/image_6336.png,middle
37,/content/filtered_data/image_6337.png,middle
36,/content/filtered_data/image_6338.png,middle
35,/content/filtered_data/image_6339.png,middle
33,/content/filtered_data/image_6340.png,middle
30,/content/filtered_data/image_6341.png,middle
19,/content/filtered_data/image_6342.png,young
31,/content/filtered_data/image_6343.png,middle
16,/content/filtered_data/image_6344.png,young
19,/content/filtered_data/image_6345.png,young
73,/content/filtered_data/image_6346.png,old
2,/content/filtered_data/image_6347.png,young
30,/content/filtered_data/image_6348.png,middle
30,/content/filtered_data/image_6349.png,middle
36,/content/filtered_data/image_6350.png,middle
14,/content/filtered_data/image_6351.png,young
29,/content/filtered_data/image_6352.png,middle
96,/content/filtered_data/image_6353.png,old
46,/content/filtered_data/image_6354.png,middle
40,/content/filtered_data/image_6355.png,middle
55,/content/filtered_data/image_6356.png,middle
52,/content/filtered_data/image_6357.png,middle
9,/content/filtered_data/image_6358.png,young
25,/content/filtered_data/image_6359.png,middle
30,/content/filtered_data/image_6360.png,middle
50,/content/filtered_data/image_6361.png,middle
46,/content/filtered_data/image_6362.png,middle
27,/content/filtered_data/image_6363.png,middle
40,/content/filtered_data/image_6364.png,middle
52,/content/filtered_data/image_6365.png,middle
16,/content/filtered_data/image_6366.png,young
59,/content/filtered_data/image_6367.png,middle
13,/content/filtered_data/image_6368.png,young
21,/content/filtered_data/image_6369.png,middle
38,/content/filtered_data/image_6370.png,middle
44,/content/filtered_data/image_6371.png,middle
25,/content/filtered_data/image_6372.png,middle
69,/content/filtered_data/image_6373.png,old
25,/content/filtered_data/image_6374.png,middle
26,/content/filtered_data/image_6375.png,middle
30,/content/filtered_data/image_6376.png,middle
9,/content/filtered_data/image_6377.png,young
43,/content/filtered_data/image_6378.png,middle
60,/content/filtered_data/image_6379.png,middle
40,/content/filtered_data/image_6380.png,middle
39,/content/filtered_data/image_6381.png,middle
58,/content/filtered_data/image_6382.png,middle
69,/content/filtered_data/image_6383.png,old
44,/content/filtered_data/image_6384.png,middle
44,/content/filtered_data/image_6385.png,middle
50,/content/filtered_data/image_6386.png,middle
2,/content/filtered_data/image_6387.png,young
26,/content/filtered_data/image_6388.png,middle
9,/content/filtered_data/image_6389.png,young
33,/content/filtered_data/image_6390.png,middle
39,/content/filtered_data/image_6391.png,middle
23,/content/filtered_data/image_6392.png,middle
28,/content/filtered_data/image_6393.png,middle
40,/content/filtered_data/image_6394.png,middle
37,/content/filtered_data/image_6395.png,middle
36,/content/filtered_data/image_6396.png,middle
23,/content/filtered_data/image_6397.png,middle
33,/content/filtered_data/image_6398.png,middle
40,/content/filtered_data/image_6399.png,middle
9,/content/filtered_data/image_6400.png,young
24,/content/filtered_data/image_6401.png,middle
41,/content/filtered_data/image_6402.png,middle
25,/content/filtered_data/image_6403.png,middle
62,/content/filtered_data/image_6404.png,old
30,/content/filtered_data/image_6405.png,middle
31,/content/filtered_data/image_6406.png,middle
42,/content/filtered_data/image_6407.png,middle
4,/content/filtered_data/image_6408.png,young
32,/content/filtered_data/image_6409.png,middle
40,/content/filtered_data/image_6410.png,middle
68,/content/filtered_data/image_6411.png,old
26,/content/filtered_data/image_6412.png,middle
37,/content/filtered_data/image_6413.png,middle
61,/content/filtered_data/image_6414.png,old
49,/content/filtered_data/image_6415.png,middle
9,/content/filtered_data/image_6416.png,young
25,/content/filtered_data/image_6417.png,middle
32,/content/filtered_data/image_6418.png,middle
30,/content/filtered_data/image_6419.png,middle
34,/content/filtered_data/image_6420.png,middle
50,/content/filtered_data/image_6421.png,middle
40,/content/filtered_data/image_6422.png,middle
25,/content/filtered_data/image_6423.png,middle
43,/content/filtered_data/image_6424.png,middle
68,/content/filtered_data/image_6425.png,old
28,/content/filtered_data/image_6426.png,middle
44,/content/filtered_data/image_6427.png,middle
29,/content/filtered_data/image_6428.png,middle
25,/content/filtered_data/image_6429.png,middle
29,/content/filtered_data/image_6430.png,middle
27,/content/filtered_data/image_6431.png,middle
33,/content/filtered_data/image_6432.png,middle
18,/content/filtered_data/image_6433.png,young
22,/content/filtered_data/image_6434.png,middle
31,/content/filtered_data/image_6435.png,middle
50,/content/filtered_data/image_6436.png,middle
24,/content/filtered_data/image_6437.png,middle
25,/content/filtered_data/image_6438.png,middle
52,/content/filtered_data/image_6439.png,middle
54,/content/filtered_data/image_6440.png,middle
32,/content/filtered_data/image_6441.png,middle
41,/content/filtered_data/image_6442.png,middle
16,/content/filtered_data/image_6443.png,young
19,/content/filtered_data/image_6444.png,young
12,/content/filtered_data/image_6445.png,young
25,/content/filtered_data/image_6446.png,middle
64,/content/filtered_data/image_6447.png,old
36,/content/filtered_data/image_6448.png,middle
16,/content/filtered_data/image_6449.png,young
16,/content/filtered_data/image_6450.png,young
49,/content/filtered_data/image_6451.png,middle
35,/content/filtered_data/image_6452.png,middle
32,/content/filtered_data/image_6453.png,middle
59,/content/filtered_data/image_6454.png,middle
50,/content/filtered_data/image_6455.png,middle
10,/content/filtered_data/image_6456.png,young
25,/content/filtered_data/image_6457.png,middle
13,/content/filtered_data/image_6458.png,young
54,/content/filtered_data/image_6459.png,middle
30,/content/filtered_data/image_6460.png,middle
44,/content/filtered_data/image_6461.png,middle
25,/content/filtered_data/image_6462.png,middle
9,/content/filtered_data/image_6463.png,young
26,/content/filtered_data/image_6464.png,middle
18,/content/filtered_data/image_6465.png,young
24,/content/filtered_data/image_6466.png,middle
25,/content/filtered_data/image_6467.png,middle
28,/content/filtered_data/image_6468.png,middle
25,/content/filtered_data/image_6469.png,middle
43,/content/filtered_data/image_6470.png,middle
61,/content/filtered_data/image_6471.png,old
10,/content/filtered_data/image_6472.png,young
33,/content/filtered_data/image_6473.png,middle
42,/content/filtered_data/image_6474.png,middle
28,/content/filtered_data/image_6475.png,middle
30,/content/filtered_data/image_6476.png,middle
16,/content/filtered_data/image_6477.png,young
28,/content/filtered_data/image_6478.png,middle
30,/content/filtered_data/image_6479.png,middle
33,/content/filtered_data/image_6480.png,middle
40,/content/filtered_data/image_6481.png,middle
50,/content/filtered_data/image_6482.png,middle
40,/content/filtered_data/image_6483.png,middle
30,/content/filtered_data/image_6484.png,middle
32,/content/filtered_data/image_6485.png,middle
27,/content/filtered_data/image_6486.png,middle
22,/content/filtered_data/image_6487.png,middle
26,/content/filtered_data/image_6488.png,middle
28,/content/filtered_data/image_6489.png,middle
80,/content/filtered_data/image_6490.png,old
50,/content/filtered_data/image_6491.png,middle
34,/content/filtered_data/image_6492.png,middle
40,/content/filtered_data/image_6493.png,middle
22,/content/filtered_data/image_6494.png,middle
35,/content/filtered_data/image_6495.png,middle
30,/content/filtered_data/image_6496.png,middle
34,/content/filtered_data/image_6497.png,middle
14,/content/filtered_data/image_6498.png,young
44,/content/filtered_data/image_6499.png,middle
40,/content/filtered_data/image_6500.png,middle
80,/content/filtered_data/image_6501.png,old
13,/content/filtered_data/image_6502.png,young
51,/content/filtered_data/image_6503.png,middle
10,/content/filtered_data/image_6504.png,young
29,/content/filtered_data/image_6505.png,middle
60,/content/filtered_data/image_6506.png,middle
30,/content/filtered_data/image_6507.png,middle
6,/content/filtered_data/image_6508.png,young
16,/content/filtered_data/image_6509.png,young
80,/content/filtered_data/image_6510.png,old
12,/content/filtered_data/image_6511.png,young
49,/content/filtered_data/image_6512.png,middle
50,/content/filtered_data/image_6513.png,middle
23,/content/filtered_data/image_6514.png,middle
21,/content/filtered_data/image_6515.png,middle
26,/content/filtered_data/image_6516.png,middle
15,/content/filtered_data/image_6517.png,young
12,/content/filtered_data/image_6518.png,young
26,/content/filtered_data/image_6519.png,middle
20,/content/filtered_data/image_6520.png,middle
75,/content/filtered_data/image_6521.png,old
12,/content/filtered_data/image_6522.png,young
31,/content/filtered_data/image_6523.png,middle
24,/content/filtered_data/image_6524.png,middle
50,/content/filtered_data/image_6525.png,middle
13,/content/filtered_data/image_6526.png,young
24,/content/filtered_data/image_6527.png,middle
8,/content/filtered_data/image_6528.png,young
19,/content/filtered_data/image_6529.png,young
18,/content/filtered_data/image_6530.png,young
19,/content/filtered_data/image_6531.png,young
50,/content/filtered_data/image_6532.png,middle
27,/content/filtered_data/image_6533.png,middle
14,/content/filtered_data/image_6534.png,young
25,/content/filtered_data/image_6535.png,middle
18,/content/filtered_data/image_6536.png,young
30,/content/filtered_data/image_6537.png,middle
29,/content/filtered_data/image_6538.png,middle
50,/content/filtered_data/image_6539.png,middle
13,/content/filtered_data/image_6540.png,young
25,/content/filtered_data/image_6541.png,middle
24,/content/filtered_data/image_6542.png,middle
40,/content/filtered_data/image_6543.png,middle
32,/content/filtered_data/image_6544.png,middle
18,/content/filtered_data/image_6545.png,young
30,/content/filtered_data/image_6546.png,middle
1,/content/filtered_data/image_6547.png,young
30,/content/filtered_data/image_6548.png,middle
85,/content/filtered_data/image_6549.png,old
60,/content/filtered_data/image_6550.png,middle
16,/content/filtered_data/image_6551.png,young
30,/content/filtered_data/image_6552.png,middle
26,/content/filtered_data/image_6553.png,middle
55,/content/filtered_data/image_6554.png,middle
45,/content/filtered_data/image_6555.png,middle
49,/content/filtered_data/image_6556.png,middle
50,/content/filtered_data/image_6557.png,middle
16,/content/filtered_data/image_6558.png,young
22,/content/filtered_data/image_6559.png,middle
20,/content/filtered_data/image_6560.png,middle
21,/content/filtered_data/image_6561.png,middle
12,/content/filtered_data/image_6562.png,young
30,/content/filtered_data/image_6563.png,middle
8,/content/filtered_data/image_6564.png,young
66,/content/filtered_data/image_6565.png,old
40,/content/filtered_data/image_6566.png,middle
62,/content/filtered_data/image_6567.png,old
62,/content/filtered_data/image_6568.png,old
31,/content/filtered_data/image_6569.png,middle
83,/content/filtered_data/image_6570.png,old
31,/content/filtered_data/image_6571.png,middle
35,/content/filtered_data/image_6572.png,middle
27,/content/filtered_data/image_6573.png,middle
46,/content/filtered_data/image_6574.png,middle
46,/content/filtered_data/image_6575.png,middle
58,/content/filtered_data/image_6576.png,middle
30,/content/filtered_data/image_6577.png,middle
21,/content/filtered_data/image_6578.png,middle
3,/content/filtered_data/image_6579.png,young
55,/content/filtered_data/image_6580.png,middle
47,/content/filtered_data/image_6581.png,middle
27,/content/filtered_data/image_6582.png,middle
38,/content/filtered_data/image_6583.png,middle
28,/content/filtered_data/image_6584.png,middle
38,/content/filtered_data/image_6585.png,middle
50,/content/filtered_data/image_6586.png,middle
13,/content/filtered_data/image_6587.png,young
36,/content/filtered_data/image_6588.png,middle
16,/content/filtered_data/image_6589.png,young
46,/content/filtered_data/image_6590.png,middle
60,/content/filtered_data/image_6591.png,middle
25,/content/filtered_data/image_6592.png,middle
85,/content/filtered_data/image_6593.png,old
50,/content/filtered_data/image_6594.png,middle
2,/content/filtered_data/image_6595.png,young
8,/content/filtered_data/image_6596.png,young
42,/content/filtered_data/image_6597.png,middle
31,/content/filtered_data/image_6598.png,middle
48,/content/filtered_data/image_6599.png,middle
50,/content/filtered_data/image_6600.png,middle
24,/content/filtered_data/image_6601.png,middle
30,/content/filtered_data/image_6602.png,middle
23,/content/filtered_data/image_6603.png,middle
40,/content/filtered_data/image_6604.png,middle
11,/content/filtered_data/image_6605.png,young
27,/content/filtered_data/image_6606.png,middle
30,/content/filtered_data/image_6607.png,middle
26,/content/filtered_data/image_6608.png,middle
36,/content/filtered_data/image_6609.png,middle
25,/content/filtered_data/image_6610.png,middle
9,/content/filtered_data/image_6611.png,young
62,/content/filtered_data/image_6612.png,old
71,/content/filtered_data/image_6613.png,old
37,/content/filtered_data/image_6614.png,middle
24,/content/filtered_data/image_6615.png,middle
47,/content/filtered_data/image_6616.png,middle
40,/content/filtered_data/image_6617.png,middle
39,/content/filtered_data/image_6618.png,middle
30,/content/filtered_data/image_6619.png,middle
23,/content/filtered_data/image_6620.png,middle
31,/content/filtered_data/image_6621.png,middle
25,/content/filtered_data/image_6622.png,middle
18,/content/filtered_data/image_6623.png,young
80,/content/filtered_data/image_6624.png,old
35,/content/filtered_data/image_6625.png,middle
25,/content/filtered_data/image_6626.png,middle
32,/content/filtered_data/image_6627.png,middle
4,/content/filtered_data/image_6628.png,young
16,/content/filtered_data/image_6629.png,young
4,/content/filtered_data/image_6630.png,young
65,/content/filtered_data/image_6631.png,old
52,/content/filtered_data/image_6632.png,middle
40,/content/filtered_data/image_6633.png,middle
12,/content/filtered_data/image_6634.png,young
36,/content/filtered_data/image_6635.png,middle
43,/content/filtered_data/image_6636.png,middle
30,/content/filtered_data/image_6637.png,middle
56,/content/filtered_data/image_6638.png,middle
24,/content/filtered_data/image_6639.png,middle
18,/content/filtered_data/image_6640.png,young
26,/content/filtered_data/image_6641.png,middle
27,/content/filtered_data/image_6642.png,middle
47,/content/filtered_data/image_6643.png,middle
58,/content/filtered_data/image_6644.png,middle
8,/content/filtered_data/image_6645.png,young
40,/content/filtered_data/image_6646.png,middle
60,/content/filtered_data/image_6647.png,middle
42,/content/filtered_data/image_6648.png,middle
32,/content/filtered_data/image_6649.png,middle
1,/content/filtered_data/image_6650.png,young
84,/content/filtered_data/image_6651.png,old
72,/content/filtered_data/image_6652.png,old
20,/content/filtered_data/image_6653.png,middle
20,/content/filtered_data/image_6654.png,middle
40,/content/filtered_data/image_6655.png,middle
50,/content/filtered_data/image_6656.png,middle
48,/content/filtered_data/image_6657.png,middle
57,/content/filtered_data/image_6658.png,middle
30,/content/filtered_data/image_6659.png,middle
24,/content/filtered_data/image_6660.png,middle
45,/content/filtered_data/image_6661.png,middle
30,/content/filtered_data/image_6662.png,middle
26,/content/filtered_data/image_6663.png,middle
35,/content/filtered_data/image_6664.png,middle
34,/content/filtered_data/image_6665.png,middle
11,/content/filtered_data/image_6666.png,young
43,/content/filtered_data/image_6667.png,middle
58,/content/filtered_data/image_6668.png,middle
39,/content/filtered_data/image_6669.png,middle
4,/content/filtered_data/image_6670.png,young
40,/content/filtered_data/image_6671.png,middle
45,/content/filtered_data/image_6672.png,middle
90,/content/filtered_data/image_6673.png,old
26,/content/filtered_data/image_6674.png,middle
11,/content/filtered_data/image_6675.png,young
33,/content/filtered_data/image_6676.png,middle
11,/content/filtered_data/image_6677.png,young
44,/content/filtered_data/image_6678.png,middle
40,/content/filtered_data/image_6679.png,middle
30,/content/filtered_data/image_6680.png,middle
60,/content/filtered_data/image_6681.png,middle
24,/content/filtered_data/image_6682.png,middle
17,/content/filtered_data/image_6683.png,young
47,/content/filtered_data/image_6684.png,middle
23,/content/filtered_data/image_6685.png,middle
26,/content/filtered_data/image_6686.png,middle
28,/content/filtered_data/image_6687.png,middle
6,/content/filtered_data/image_6688.png,young
58,/content/filtered_data/image_6689.png,middle
16,/content/filtered_data/image_6690.png,young
29,/content/filtered_data/image_6691.png,middle
91,/content/filtered_data/image_6692.png,old
12,/content/filtered_data/image_6693.png,young
80,/content/filtered_data/image_6694.png,old
35,/content/filtered_data/image_6695.png,middle
52,/content/filtered_data/image_6696.png,middle
61,/content/filtered_data/image_6697.png,old
57,/content/filtered_data/image_6698.png,middle
30,/content/filtered_data/image_6699.png,middle
37,/content/filtered_data/image_6700.png,middle
4,/content/filtered_data/image_6701.png,young
24,/content/filtered_data/image_6702.png,middle
4,/content/filtered_data/image_6703.png,young
42,/content/filtered_data/image_6704.png,middle
45,/content/filtered_data/image_6705.png,middle
49,/content/filtered_data/image_6706.png,middle
18,/content/filtered_data/image_6707.png,young
30,/content/filtered_data/image_6708.png,middle
32,/content/filtered_data/image_6709.png,middle
14,/content/filtered_data/image_6710.png,young
50,/content/filtered_data/image_6711.png,middle
64,/content/filtered_data/image_6712.png,old
90,/content/filtered_data/image_6713.png,old
13,/content/filtered_data/image_6714.png,young
34,/content/filtered_data/image_6715.png,middle
63,/content/filtered_data/image_6716.png,old
19,/content/filtered_data/image_6717.png,young
25,/content/filtered_data/image_6718.png,middle
26,/content/filtered_data/image_6719.png,middle
16,/content/filtered_data/image_6720.png,young
42,/content/filtered_data/image_6721.png,middle
62,/content/filtered_data/image_6722.png,old
90,/content/filtered_data/image_6723.png,old
54,/content/filtered_data/image_6724.png,middle
16,/content/filtered_data/image_6725.png,young
39,/content/filtered_data/image_6726.png,middle
60,/content/filtered_data/image_6727.png,middle
31,/content/filtered_data/image_6728.png,middle
35,/content/filtered_data/image_6729.png,middle
4,/content/filtered_data/image_6730.png,young
58,/content/filtered_data/image_6731.png,middle
85,/content/filtered_data/image_6732.png,old
54,/content/filtered_data/image_6733.png,middle
40,/content/filtered_data/image_6734.png,middle
11,/content/filtered_data/image_6735.png,young
32,/content/filtered_data/image_6736.png,middle
65,/content/filtered_data/image_6737.png,old
4,/content/filtered_data/image_6738.png,young
50,/content/filtered_data/image_6739.png,middle
13,/content/filtered_data/image_6740.png,young
30,/content/filtered_data/image_6741.png,middle
25,/content/filtered_data/image_6742.png,middle
9,/content/filtered_data/image_6743.png,young
10,/content/filtered_data/image_6744.png,young
26,/content/filtered_data/image_6745.png,middle
16,/content/filtered_data/image_6746.png,young
5,/content/filtered_data/image_6747.png,young
18,/content/filtered_data/image_6748.png,young
20,/content/filtered_data/image_6749.png,middle
70,/content/filtered_data/image_6750.png,old
2,/content/filtered_data/image_6751.png,young
5,/content/filtered_data/image_6752.png,young
58,/content/filtered_data/image_6753.png,middle
16,/content/filtered_data/image_6754.png,young
60,/content/filtered_data/image_6755.png,middle
70,/content/filtered_data/image_6756.png,old
6,/content/filtered_data/image_6757.png,young
36,/content/filtered_data/image_6758.png,middle
27,/content/filtered_data/image_6759.png,middle
27,/content/filtered_data/image_6760.png,middle
2,/content/filtered_data/image_6761.png,young
32,/content/filtered_data/image_6762.png,middle
24,/content/filtered_data/image_6763.png,middle
49,/content/filtered_data/image_6764.png,middle
4,/content/filtered_data/image_6765.png,young
15,/content/filtered_data/image_6766.png,young
30,/content/filtered_data/image_6767.png,middle
60,/content/filtered_data/image_6768.png,middle
30,/content/filtered_data/image_6769.png,middle
8,/content/filtered_data/image_6770.png,young
5,/content/filtered_data/image_6771.png,young
25,/content/filtered_data/image_6772.png,middle
26,/content/filtered_data/image_6773.png,middle
47,/content/filtered_data/image_6774.png,middle
11,/content/filtered_data/image_6775.png,young
30,/content/filtered_data/image_6776.png,middle
26,/content/filtered_data/image_6777.png,middle
3,/content/filtered_data/image_6778.png,young
20,/content/filtered_data/image_6779.png,middle
31,/content/filtered_data/image_6780.png,middle
30,/content/filtered_data/image_6781.png,middle
27,/content/filtered_data/image_6782.png,middle
37,/content/filtered_data/image_6783.png,middle
4,/content/filtered_data/image_6784.png,young
24,/content/filtered_data/image_6785.png,middle
50,/content/filtered_data/image_6786.png,middle
37,/content/filtered_data/image_6787.png,middle
2,/content/filtered_data/image_6788.png,young
24,/content/filtered_data/image_6789.png,middle
30,/content/filtered_data/image_6790.png,middle
53,/content/filtered_data/image_6791.png,middle
23,/content/filtered_data/image_6792.png,middle
40,/content/filtered_data/image_6793.png,middle
23,/content/filtered_data/image_6794.png,middle
30,/content/filtered_data/image_6795.png,middle
14,/content/filtered_data/image_6796.png,young
43,/content/filtered_data/image_6797.png,middle
10,/content/filtered_data/image_6798.png,young
30,/content/filtered_data/image_6799.png,middle
19,/content/filtered_data/image_6800.png,young
25,/content/filtered_data/image_6801.png,middle
12,/content/filtered_data/image_6802.png,young
48,/content/filtered_data/image_6803.png,middle
2,/content/filtered_data/image_6804.png,young
40,/content/filtered_data/image_6805.png,middle
37,/content/filtered_data/image_6806.png,middle
40,/content/filtered_data/image_6807.png,middle
70,/content/filtered_data/image_6808.png,old
79,/content/filtered_data/image_6809.png,old
47,/content/filtered_data/image_6810.png,middle
36,/content/filtered_data/image_6811.png,middle
8,/content/filtered_data/image_6812.png,young
17,/content/filtered_data/image_6813.png,young
33,/content/filtered_data/image_6814.png,middle
17,/content/filtered_data/image_6815.png,young
16,/content/filtered_data/image_6816.png,young
13,/content/filtered_data/image_6817.png,young
31,/content/filtered_data/image_6818.png,middle
26,/content/filtered_data/image_6819.png,middle
37,/content/filtered_data/image_6820.png,middle
78,/content/filtered_data/image_6821.png,old
27,/content/filtered_data/image_6822.png,middle
5,/content/filtered_data/image_6823.png,young
60,/content/filtered_data/image_6824.png,middle
13,/content/filtered_data/image_6825.png,young
30,/content/filtered_data/image_6826.png,middle
80,/content/filtered_data/image_6827.png,old
34,/content/filtered_data/image_6828.png,middle
79,/content/filtered_data/image_6829.png,old
30,/content/filtered_data/image_6830.png,middle
53,/content/filtered_data/image_6831.png,middle
7,/content/filtered_data/image_6832.png,young
45,/content/filtered_data/image_6833.png,middle
34,/content/filtered_data/image_6834.png,middle
30,/content/filtered_data/image_6835.png,middle
54,/content/filtered_data/image_6836.png,middle
40,/content/filtered_data/image_6837.png,middle
14,/content/filtered_data/image_6838.png,young
1,/content/filtered_data/image_6839.png,young
30,/content/filtered_data/image_6840.png,middle
65,/content/filtered_data/image_6841.png,old
2,/content/filtered_data/image_6842.png,young
28,/content/filtered_data/image_6843.png,middle
40,/content/filtered_data/image_6844.png,middle
29,/content/filtered_data/image_6845.png,middle
12,/content/filtered_data/image_6846.png,young
21,/content/filtered_data/image_6847.png,middle
40,/content/filtered_data/image_6848.png,middle
14,/content/filtered_data/image_6849.png,young
30,/content/filtered_data/image_6850.png,middle
30,/content/filtered_data/image_6851.png,middle
1,/content/filtered_data/image_6852.png,young
26,/content/filtered_data/image_6853.png,middle
25,/content/filtered_data/image_6854.png,middle
21,/content/filtered_data/image_6855.png,middle
4,/content/filtered_data/image_6856.png,young
7,/content/filtered_data/image_6857.png,young
29,/content/filtered_data/image_6858.png,middle
26,/content/filtered_data/image_6859.png,middle
47,/content/filtered_data/image_6860.png,middle
30,/content/filtered_data/image_6861.png,middle
53,/content/filtered_data/image_6862.png,middle
29,/content/filtered_data/image_6863.png,middle
6,/content/filtered_data/image_6864.png,young
52,/content/filtered_data/image_6865.png,middle
17,/content/filtered_data/image_6866.png,young
30,/content/filtered_data/image_6867.png,middle
23,/content/filtered_data/image_6868.png,middle
25,/content/filtered_data/image_6869.png,middle
65,/content/filtered_data/image_6870.png,old
31,/content/filtered_data/image_6871.png,middle
20,/content/filtered_data/image_6872.png,middle
6,/content/filtered_data/image_6873.png,young
8,/content/filtered_data/image_6874.png,young
11,/content/filtered_data/image_6875.png,young
29,/content/filtered_data/image_6876.png,middle
30,/content/filtered_data/image_6877.png,middle
25,/content/filtered_data/image_6878.png,middle
31,/content/filtered_data/image_6879.png,middle
26,/content/filtered_data/image_6880.png,middle
50,/content/filtered_data/image_6881.png,middle
31,/content/filtered_data/image_6882.png,middle
50,/content/filtered_data/image_6883.png,middle
33,/content/filtered_data/image_6884.png,middle
49,/content/filtered_data/image_6885.png,middle
37,/content/filtered_data/image_6886.png,middle
44,/content/filtered_data/image_6887.png,middle
22,/content/filtered_data/image_6888.png,middle
29,/content/filtered_data/image_6889.png,middle
80,/content/filtered_data/image_6890.png,old
16,/content/filtered_data/image_6891.png,young
5,/content/filtered_data/image_6892.png,young
1,/content/filtered_data/image_6893.png,young
50,/content/filtered_data/image_6894.png,middle
1,/content/filtered_data/image_6895.png,young
35,/content/filtered_data/image_6896.png,middle
32,/content/filtered_data/image_6897.png,middle
5,/content/filtered_data/image_6898.png,young
22,/content/filtered_data/image_6899.png,middle
30,/content/filtered_data/image_6900.png,middle
7,/content/filtered_data/image_6901.png,young
50,/content/filtered_data/image_6902.png,middle
38,/content/filtered_data/image_6903.png,middle
46,/content/filtered_data/image_6904.png,middle
26,/content/filtered_data/image_6905.png,middle
4,/content/filtered_data/image_6906.png,young
24,/content/filtered_data/image_6907.png,middle
25,/content/filtered_data/image_6908.png,middle
14,/content/filtered_data/image_6909.png,young
38,/content/filtered_data/image_6910.png,middle
69,/content/filtered_data/image_6911.png,old
60,/content/filtered_data/image_6912.png,middle
12,/content/filtered_data/image_6913.png,young
40,/content/filtered_data/image_6914.png,middle
22,/content/filtered_data/image_6915.png,middle
26,/content/filtered_data/image_6916.png,middle
41,/content/filtered_data/image_6917.png,middle
9,/content/filtered_data/image_6918.png,young
48,/content/filtered_data/image_6919.png,middle
30,/content/filtered_data/image_6920.png,middle
50,/content/filtered_data/image_6921.png,middle
28,/content/filtered_data/image_6922.png,middle
2,/content/filtered_data/image_6923.png,young
1,/content/filtered_data/image_6924.png,young
60,/content/filtered_data/image_6925.png,middle
2,/content/filtered_data/image_6926.png,young
34,/content/filtered_data/image_6927.png,middle
27,/content/filtered_data/image_6928.png,middle
43,/content/filtered_data/image_6929.png,middle
51,/content/filtered_data/image_6930.png,middle
70,/content/filtered_data/image_6931.png,old
49,/content/filtered_data/image_6932.png,middle
32,/content/filtered_data/image_6933.png,middle
47,/content/filtered_data/image_6934.png,middle
38,/content/filtered_data/image_6935.png,middle
85,/content/filtered_data/image_6936.png,old
25,/content/filtered_data/image_6937.png,middle
18,/content/filtered_data/image_6938.png,young
27,/content/filtered_data/image_6939.png,middle
26,/content/filtered_data/image_6940.png,middle
18,/content/filtered_data/image_6941.png,young
5,/content/filtered_data/image_6942.png,young
26,/content/filtered_data/image_6943.png,middle
18,/content/filtered_data/image_6944.png,young
46,/content/filtered_data/image_6945.png,middle
36,/content/filtered_data/image_6946.png,middle
6,/content/filtered_data/image_6947.png,young
34,/content/filtered_data/image_6948.png,middle
70,/content/filtered_data/image_6949.png,old
29,/content/filtered_data/image_6950.png,middle
38,/content/filtered_data/image_6951.png,middle
25,/content/filtered_data/image_6952.png,middle
6,/content/filtered_data/image_6953.png,young
42,/content/filtered_data/image_6954.png,middle
29,/content/filtered_data/image_6955.png,middle
2,/content/filtered_data/image_6956.png,young
70,/content/filtered_data/image_6957.png,old
34,/content/filtered_data/image_6958.png,middle
49,/content/filtered_data/image_6959.png,middle
1,/content/filtered_data/image_6960.png,young
25,/content/filtered_data/image_6961.png,middle
70,/content/filtered_data/image_6962.png,old
65,/content/filtered_data/image_6963.png,old
27,/content/filtered_data/image_6964.png,middle
11,/content/filtered_data/image_6965.png,young
12,/content/filtered_data/image_6966.png,young
18,/content/filtered_data/image_6967.png,young
21,/content/filtered_data/image_6968.png,middle
25,/content/filtered_data/image_6969.png,middle
34,/content/filtered_data/image_6970.png,middle
56,/content/filtered_data/image_6971.png,middle
16,/content/filtered_data/image_6972.png,young
54,/content/filtered_data/image_6973.png,middle
40,/content/filtered_data/image_6974.png,middle
22,/content/filtered_data/image_6975.png,middle
69,/content/filtered_data/image_6976.png,old
25,/content/filtered_data/image_6977.png,middle
43,/content/filtered_data/image_6978.png,middle
30,/content/filtered_data/image_6979.png,middle
26,/content/filtered_data/image_6980.png,middle
42,/content/filtered_data/image_6981.png,middle
52,/content/filtered_data/image_6982.png,middle
32,/content/filtered_data/image_6983.png,middle
50,/content/filtered_data/image_6984.png,middle
26,/content/filtered_data/image_6985.png,middle
4,/content/filtered_data/image_6986.png,young
2,/content/filtered_data/image_6987.png,young
26,/content/filtered_data/image_6988.png,middle
70,/content/filtered_data/image_6989.png,old
1,/content/filtered_data/image_6990.png,young
32,/content/filtered_data/image_6991.png,middle
26,/content/filtered_data/image_6992.png,middle
41,/content/filtered_data/image_6993.png,middle
4,/content/filtered_data/image_6994.png,young
18,/content/filtered_data/image_6995.png,young
4,/content/filtered_data/image_6996.png,young
7,/content/filtered_data/image_6997.png,young
1,/content/filtered_data/image_6998.png,young
44,/content/filtered_data/image_6999.png,middle
50,/content/filtered_data/image_7000.png,middle
19,/content/filtered_data/image_7001.png,young
5,/content/filtered_data/image_7002.png,young
25,/content/filtered_data/image_7003.png,middle
40,/content/filtered_data/image_7004.png,middle
23,/content/filtered_data/image_7005.png,middle
1,/content/filtered_data/image_7006.png,young
1,/content/filtered_data/image_7007.png,young
31,/content/filtered_data/image_7008.png,middle
55,/content/filtered_data/image_7009.png,middle
8,/content/filtered_data/image_7010.png,young
5,/content/filtered_data/image_7011.png,young
25,/content/filtered_data/image_7012.png,middle
57,/content/filtered_data/image_7013.png,middle
30,/content/filtered_data/image_7014.png,middle
42,/content/filtered_data/image_7015.png,middle
30,/content/filtered_data/image_7016.png,middle
3,/content/filtered_data/image_7017.png,young
11,/content/filtered_data/image_7018.png,young
5,/content/filtered_data/image_7019.png,young
10,/content/filtered_data/image_7020.png,young
4,/content/filtered_data/image_7021.png,young
48,/content/filtered_data/image_7022.png,middle
22,/content/filtered_data/image_7023.png,middle
10,/content/filtered_data/image_7024.png,young
32,/content/filtered_data/image_7025.png,middle
32,/content/filtered_data/image_7026.png,middle
70,/content/filtered_data/image_7027.png,old
50,/content/filtered_data/image_7028.png,middle
90,/content/filtered_data/image_7029.png,old
28,/content/filtered_data/image_7030.png,middle
25,/content/filtered_data/image_7031.png,middle
19,/content/filtered_data/image_7032.png,young
3,/content/filtered_data/image_7033.png,young
24,/content/filtered_data/image_7034.png,middle
76,/content/filtered_data/image_7035.png,old
37,/content/filtered_data/image_7036.png,middle
10,/content/filtered_data/image_7037.png,young
60,/content/filtered_data/image_7038.png,middle
52,/content/filtered_data/image_7039.png,middle
1,/content/filtered_data/image_7040.png,young
35,/content/filtered_data/image_7041.png,middle
66,/content/filtered_data/image_7042.png,old
8,/content/filtered_data/image_7043.png,young
39,/content/filtered_data/image_7044.png,middle
70,/content/filtered_data/image_7045.png,old
85,/content/filtered_data/image_7046.png,old
32,/content/filtered_data/image_7047.png,middle
70,/content/filtered_data/image_7048.png,old
39,/content/filtered_data/image_7049.png,middle
40,/content/filtered_data/image_7050.png,middle
40,/content/filtered_data/image_7051.png,middle
25,/content/filtered_data/image_7052.png,middle
50,/content/filtered_data/image_7053.png,middle
44,/content/filtered_data/image_7054.png,middle
45,/content/filtered_data/image_7055.png,middle
29,/content/filtered_data/image_7056.png,middle
50,/content/filtered_data/image_7057.png,middle
33,/content/filtered_data/image_7058.png,middle
30,/content/filtered_data/image_7059.png,middle
59,/content/filtered_data/image_7060.png,middle
35,/content/filtered_data/image_7061.png,middle
31,/content/filtered_data/image_7062.png,middle
25,/content/filtered_data/image_7063.png,middle
34,/content/filtered_data/image_7064.png,middle
2,/content/filtered_data/image_7065.png,young
85,/content/filtered_data/image_7066.png,old
37,/content/filtered_data/image_7067.png,middle
27,/content/filtered_data/image_7068.png,middle
9,/content/filtered_data/image_7069.png,young
31,/content/filtered_data/image_7070.png,middle
39,/content/filtered_data/image_7071.png,middle
4,/content/filtered_data/image_7072.png,young
6,/content/filtered_data/image_7073.png,young
29,/content/filtered_data/image_7074.png,middle
60,/content/filtered_data/image_7075.png,middle
21,/content/filtered_data/image_7076.png,middle
4,/content/filtered_data/image_7077.png,young
24,/content/filtered_data/image_7078.png,middle
24,/content/filtered_data/image_7079.png,middle
10,/content/filtered_data/image_7080.png,young
2,/content/filtered_data/image_7081.png,young
27,/content/filtered_data/image_7082.png,middle
7,/content/filtered_data/image_7083.png,young
1,/content/filtered_data/image_7084.png,young
12,/content/filtered_data/image_7085.png,young
21,/content/filtered_data/image_7086.png,middle
18,/content/filtered_data/image_7087.png,young
47,/content/filtered_data/image_7088.png,middle
12,/content/filtered_data/image_7089.png,young
7,/content/filtered_data/image_7090.png,young
1,/content/filtered_data/image_7091.png,young
3,/content/filtered_data/image_7092.png,young
69,/content/filtered_data/image_7093.png,old
24,/content/filtered_data/image_7094.png,middle
74,/content/filtered_data/image_7095.png,old
4,/content/filtered_data/image_7096.png,young
28,/content/filtered_data/image_7097.png,middle
25,/content/filtered_data/image_7098.png,middle
25,/content/filtered_data/image_7099.png,middle
43,/content/filtered_data/image_7100.png,middle
17,/content/filtered_data/image_7101.png,young
20,/content/filtered_data/image_7102.png,middle
16,/content/filtered_data/image_7103.png,young
32,/content/filtered_data/image_7104.png,middle
30,/content/filtered_data/image_7105.png,middle
70,/content/filtered_data/image_7106.png,old
21,/content/filtered_data/image_7107.png,middle
39,/content/filtered_data/image_7108.png,middle
27,/content/filtered_data/image_7109.png,middle
19,/content/filtered_data/image_7110.png,young
1,/content/filtered_data/image_7111.png,young
26,/content/filtered_data/image_7112.png,middle
1,/content/filtered_data/image_7113.png,young
16,/content/filtered_data/image_7114.png,young
60,/content/filtered_data/image_7115.png,middle
43,/content/filtered_data/image_7116.png,middle
4,/content/filtered_data/image_7117.png,young
11,/content/filtered_data/image_7118.png,young
65,/content/filtered_data/image_7119.png,old
29,/content/filtered_data/image_7120.png,middle
53,/content/filtered_data/image_7121.png,middle
46,/content/filtered_data/image_7122.png,middle
74,/content/filtered_data/image_7123.png,old
19,/content/filtered_data/image_7124.png,young
7,/content/filtered_data/image_7125.png,young
34,/content/filtered_data/image_7126.png,middle
31,/content/filtered_data/image_7127.png,middle
65,/content/filtered_data/image_7128.png,old
12,/content/filtered_data/image_7129.png,young
30,/content/filtered_data/image_7130.png,middle
17,/content/filtered_data/image_7131.png,young
1,/content/filtered_data/image_7132.png,young
30,/content/filtered_data/image_7133.png,middle
30,/content/filtered_data/image_7134.png,middle
30,/content/filtered_data/image_7135.png,middle
2,/content/filtered_data/image_7136.png,young
61,/content/filtered_data/image_7137.png,old
75,/content/filtered_data/image_7138.png,old
2,/content/filtered_data/image_7139.png,young
26,/content/filtered_data/image_7140.png,middle
29,/content/filtered_data/image_7141.png,middle
36,/content/filtered_data/image_7142.png,middle
22,/content/filtered_data/image_7143.png,middle
13,/content/filtered_data/image_7144.png,young
26,/content/filtered_data/image_7145.png,middle
19,/content/filtered_data/image_7146.png,young
16,/content/filtered_data/image_7147.png,young
25,/content/filtered_data/image_7148.png,middle
16,/content/filtered_data/image_7149.png,young
21,/content/filtered_data/image_7150.png,middle
88,/content/filtered_data/image_7151.png,old
16,/content/filtered_data/image_7152.png,young
1,/content/filtered_data/image_7153.png,young
5,/content/filtered_data/image_7154.png,young
42,/content/filtered_data/image_7155.png,middle
46,/content/filtered_data/image_7156.png,middle
90,/content/filtered_data/image_7157.png,old
40,/content/filtered_data/image_7158.png,middle
11,/content/filtered_data/image_7159.png,young
16,/content/filtered_data/image_7160.png,young
30,/content/filtered_data/image_7161.png,middle
82,/content/filtered_data/image_7162.png,old
1,/content/filtered_data/image_7163.png,young
7,/content/filtered_data/image_7164.png,young
18,/content/filtered_data/image_7165.png,young
18,/content/filtered_data/image_7166.png,young
94,/content/filtered_data/image_7167.png,old
60,/content/filtered_data/image_7168.png,middle
5,/content/filtered_data/image_7169.png,young
11,/content/filtered_data/image_7170.png,young
25,/content/filtered_data/image_7171.png,middle
16,/content/filtered_data/image_7172.png,young
43,/content/filtered_data/image_7173.png,middle
40,/content/filtered_data/image_7174.png,middle
24,/content/filtered_data/image_7175.png,middle
25,/content/filtered_data/image_7176.png,middle
22,/content/filtered_data/image_7177.png,middle
39,/content/filtered_data/image_7178.png,middle
17,/content/filtered_data/image_7179.png,young
12,/content/filtered_data/image_7180.png,young
32,/content/filtered_data/image_7181.png,middle
28,/content/filtered_data/image_7182.png,middle
6,/content/filtered_data/image_7183.png,young
40,/content/filtered_data/image_7184.png,middle
30,/content/filtered_data/image_7185.png,middle
50,/content/filtered_data/image_7186.png,middle
49,/content/filtered_data/image_7187.png,middle
5,/content/filtered_data/image_7188.png,young
25,/content/filtered_data/image_7189.png,middle
43,/content/filtered_data/image_7190.png,middle
31,/content/filtered_data/image_7191.png,middle
22,/content/filtered_data/image_7192.png,middle
90,/content/filtered_data/image_7193.png,old
21,/content/filtered_data/image_7194.png,middle
1,/content/filtered_data/image_7195.png,young
17,/content/filtered_data/image_7196.png,young
39,/content/filtered_data/image_7197.png,middle
62,/content/filtered_data/image_7198.png,old
32,/content/filtered_data/image_7199.png,middle
18,/content/filtered_data/image_7200.png,young
51,/content/filtered_data/image_7201.png,middle
37,/content/filtered_data/image_7202.png,middle
64,/content/filtered_data/image_7203.png,old
1,/content/filtered_data/image_7204.png,young
1,/content/filtered_data/image_7205.png,young
80,/content/filtered_data/image_7206.png,old
34,/content/filtered_data/image_7207.png,middle
18,/content/filtered_data/image_7208.png,young
7,/content/filtered_data/image_7209.png,young
2,/content/filtered_data/image_7210.png,young
44,/content/filtered_data/image_7211.png,middle
2,/content/filtered_data/image_7212.png,young
32,/content/filtered_data/image_7213.png,middle
50,/content/filtered_data/image_7214.png,middle
16,/content/filtered_data/image_7215.png,young
25,/content/filtered_data/image_7216.png,middle
50,/content/filtered_data/image_7217.png,middle
37,/content/filtered_data/image_7218.png,middle
26,/content/filtered_data/image_7219.png,middle
16,/content/filtered_data/image_7220.png,young
7,/content/filtered_data/image_7221.png,young
20,/content/filtered_data/image_7222.png,middle
37,/content/filtered_data/image_7223.png,middle
2,/content/filtered_data/image_7224.png,young
29,/content/filtered_data/image_7225.png,middle
12,/content/filtered_data/image_7226.png,young
21,/content/filtered_data/image_7227.png,middle
64,/content/filtered_data/image_7228.png,old
40,/content/filtered_data/image_7229.png,middle
35,/content/filtered_data/image_7230.png,middle
80,/content/filtered_data/image_7231.png,old
33,/content/filtered_data/image_7232.png,middle
24,/content/filtered_data/image_7233.png,middle
19,/content/filtered_data/image_7234.png,young
26,/content/filtered_data/image_7235.png,middle
26,/content/filtered_data/image_7236.png,middle
41,/content/filtered_data/image_7237.png,middle
39,/content/filtered_data/image_7238.png,middle
26,/content/filtered_data/image_7239.png,middle
27,/content/filtered_data/image_7240.png,middle
12,/content/filtered_data/image_7241.png,young
33,/content/filtered_data/image_7242.png,middle
34,/content/filtered_data/image_7243.png,middle
60,/content/filtered_data/image_7244.png,middle
13,/content/filtered_data/image_7245.png,young
70,/content/filtered_data/image_7246.png,old
5,/content/filtered_data/image_7247.png,young
16,/content/filtered_data/image_7248.png,young
16,/content/filtered_data/image_7249.png,young
18,/content/filtered_data/image_7250.png,young
1,/content/filtered_data/image_7251.png,young
34,/content/filtered_data/image_7252.png,middle
6,/content/filtered_data/image_7253.png,young
25,/content/filtered_data/image_7254.png,middle
28,/content/filtered_data/image_7255.png,middle
16,/content/filtered_data/image_7256.png,young
18,/content/filtered_data/image_7257.png,young
5,/content/filtered_data/image_7258.png,young
17,/content/filtered_data/image_7259.png,young
53,/content/filtered_data/image_7260.png,middle
30,/content/filtered_data/image_7261.png,middle
39,/content/filtered_data/image_7262.png,middle
25,/content/filtered_data/image_7263.png,middle
30,/content/filtered_data/image_7264.png,middle
55,/content/filtered_data/image_7265.png,middle
6,/content/filtered_data/image_7266.png,young
25,/content/filtered_data/image_7267.png,middle
27,/content/filtered_data/image_7268.png,middle
34,/content/filtered_data/image_7269.png,middle
5,/content/filtered_data/image_7270.png,young
33,/content/filtered_data/image_7271.png,middle
40,/content/filtered_data/image_7272.png,middle
39,/content/filtered_data/image_7273.png,middle
8,/content/filtered_data/image_7274.png,young
15,/content/filtered_data/image_7275.png,young
26,/content/filtered_data/image_7276.png,middle
21,/content/filtered_data/image_7277.png,middle
38,/content/filtered_data/image_7278.png,middle
34,/content/filtered_data/image_7279.png,middle
2,/content/filtered_data/image_7280.png,young
7,/content/filtered_data/image_7281.png,young
24,/content/filtered_data/image_7282.png,middle
1,/content/filtered_data/image_7283.png,young
31,/content/filtered_data/image_7284.png,middle
30,/content/filtered_data/image_7285.png,middle
60,/content/filtered_data/image_7286.png,middle
34,/content/filtered_data/image_7287.png,middle
52,/content/filtered_data/image_7288.png,middle
35,/content/filtered_data/image_7289.png,middle
28,/content/filtered_data/image_7290.png,middle
25,/content/filtered_data/image_7291.png,middle
30,/content/filtered_data/image_7292.png,middle
1,/content/filtered_data/image_7293.png,young
30,/content/filtered_data/image_7294.png,middle
58,/content/filtered_data/image_7295.png,middle
24,/content/filtered_data/image_7296.png,middle
5,/content/filtered_data/image_7297.png,young
8,/content/filtered_data/image_7298.png,young
12,/content/filtered_data/image_7299.png,young
16,/content/filtered_data/image_7300.png,young
25,/content/filtered_data/image_7301.png,middle
2,/content/filtered_data/image_7302.png,young
27,/content/filtered_data/image_7303.png,middle
6,/content/filtered_data/image_7304.png,young
5,/content/filtered_data/image_7305.png,young
47,/content/filtered_data/image_7306.png,middle
24,/content/filtered_data/image_7307.png,middle
90,/content/filtered_data/image_7308.png,old
10,/content/filtered_data/image_7309.png,young
25,/content/filtered_data/image_7310.png,middle
23,/content/filtered_data/image_7311.png,middle
7,/content/filtered_data/image_7312.png,young
80,/content/filtered_data/image_7313.png,old
4,/content/filtered_data/image_7314.png,young
30,/content/filtered_data/image_7315.png,middle
43,/content/filtered_data/image_7316.png,middle
40,/content/filtered_data/image_7317.png,middle
32,/content/filtered_data/image_7318.png,middle
63,/content/filtered_data/image_7319.png,old
60,/content/filtered_data/image_7320.png,middle
18,/content/filtered_data/image_7321.png,young
40,/content/filtered_data/image_7322.png,middle
62,/content/filtered_data/image_7323.png,old
59,/content/filtered_data/image_7324.png,middle
41,/content/filtered_data/image_7325.png,middle
79,/content/filtered_data/image_7326.png,old
30,/content/filtered_data/image_7327.png,middle
33,/content/filtered_data/image_7328.png,middle
2,/content/filtered_data/image_7329.png,young
5,/content/filtered_data/image_7330.png,young
39,/content/filtered_data/image_7331.png,middle
18,/content/filtered_data/image_7332.png,young
4,/content/filtered_data/image_7333.png,young
50,/content/filtered_data/image_7334.png,middle
58,/content/filtered_data/image_7335.png,middle
69,/content/filtered_data/image_7336.png,old
18,/content/filtered_data/image_7337.png,young
50,/content/filtered_data/image_7338.png,middle
30,/content/filtered_data/image_7339.png,middle
20,/content/filtered_data/image_7340.png,middle
11,/content/filtered_data/image_7341.png,young
70,/content/filtered_data/image_7342.png,old
42,/content/filtered_data/image_7343.png,middle
4,/content/filtered_data/image_7344.png,young
23,/content/filtered_data/image_7345.png,middle
44,/content/filtered_data/image_7346.png,middle
36,/content/filtered_data/image_7347.png,middle
24,/content/filtered_data/image_7348.png,middle
21,/content/filtered_data/image_7349.png,middle
24,/content/filtered_data/image_7350.png,middle
6,/content/filtered_data/image_7351.png,young
1,/content/filtered_data/image_7352.png,young
37,/content/filtered_data/image_7353.png,middle
41,/content/filtered_data/image_7354.png,middle
50,/content/filtered_data/image_7355.png,middle
25,/content/filtered_data/image_7356.png,middle
24,/content/filtered_data/image_7357.png,middle
41,/content/filtered_data/image_7358.png,middle
23,/content/filtered_data/image_7359.png,middle
28,/content/filtered_data/image_7360.png,middle
23,/content/filtered_data/image_7361.png,middle
49,/content/filtered_data/image_7362.png,middle
7,/content/filtered_data/image_7363.png,young
90,/content/filtered_data/image_7364.png,old
61,/content/filtered_data/image_7365.png,old
50,/content/filtered_data/image_7366.png,middle
37,/content/filtered_data/image_7367.png,middle
1,/content/filtered_data/image_7368.png,young
28,/content/filtered_data/image_7369.png,middle
19,/content/filtered_data/image_7370.png,young
37,/content/filtered_data/image_7371.png,middle
60,/content/filtered_data/image_7372.png,middle
11,/content/filtered_data/image_7373.png,young
44,/content/filtered_data/image_7374.png,middle
42,/content/filtered_data/image_7375.png,middle
26,/content/filtered_data/image_7376.png,middle
7,/content/filtered_data/image_7377.png,young
28,/content/filtered_data/image_7378.png,middle
37,/content/filtered_data/image_7379.png,middle
38,/content/filtered_data/image_7380.png,middle
19,/content/filtered_data/image_7381.png,young
62,/content/filtered_data/image_7382.png,old
30,/content/filtered_data/image_7383.png,middle
22,/content/filtered_data/image_7384.png,middle
51,/content/filtered_data/image_7385.png,middle
6,/content/filtered_data/image_7386.png,young
50,/content/filtered_data/image_7387.png,middle
51,/content/filtered_data/image_7388.png,middle
29,/content/filtered_data/image_7389.png,middle
30,/content/filtered_data/image_7390.png,middle
23,/content/filtered_data/image_7391.png,middle
49,/content/filtered_data/image_7392.png,middle
86,/content/filtered_data/image_7393.png,old
25,/content/filtered_data/image_7394.png,middle
74,/content/filtered_data/image_7395.png,old
37,/content/filtered_data/image_7396.png,middle
49,/content/filtered_data/image_7397.png,middle
21,/content/filtered_data/image_7398.png,middle
25,/content/filtered_data/image_7399.png,middle
37,/content/filtered_data/image_7400.png,middle
25,/content/filtered_data/image_7401.png,middle
60,/content/filtered_data/image_7402.png,middle
70,/content/filtered_data/image_7403.png,old
30,/content/filtered_data/image_7404.png,middle
21,/content/filtered_data/image_7405.png,middle
28,/content/filtered_data/image_7406.png,middle
30,/content/filtered_data/image_7407.png,middle
43,/content/filtered_data/image_7408.png,middle
30,/content/filtered_data/image_7409.png,middle
55,/content/filtered_data/image_7410.png,middle
45,/content/filtered_data/image_7411.png,middle
44,/content/filtered_data/image_7412.png,middle
5,/content/filtered_data/image_7413.png,young
42,/content/filtered_data/image_7414.png,middle
7,/content/filtered_data/image_7415.png,young
41,/content/filtered_data/image_7416.png,middle
18,/content/filtered_data/image_7417.png,young
35,/content/filtered_data/image_7418.png,middle
10,/content/filtered_data/image_7419.png,young
1,/content/filtered_data/image_7420.png,young
50,/content/filtered_data/image_7421.png,middle
13,/content/filtered_data/image_7422.png,young
7,/content/filtered_data/image_7423.png,young
21,/content/filtered_data/image_7424.png,middle
1,/content/filtered_data/image_7425.png,young
15,/content/filtered_data/image_7426.png,young
32,/content/filtered_data/image_7427.png,middle
7,/content/filtered_data/image_7428.png,young
30,/content/filtered_data/image_7429.png,middle
18,/content/filtered_data/image_7430.png,young
5,/content/filtered_data/image_7431.png,young
35,/content/filtered_data/image_7432.png,middle
41,/content/filtered_data/image_7433.png,middle
2,/content/filtered_data/image_7434.png,young
22,/content/filtered_data/image_7435.png,middle
26,/content/filtered_data/image_7436.png,middle
19,/content/filtered_data/image_7437.png,young
42,/content/filtered_data/image_7438.png,middle
25,/content/filtered_data/image_7439.png,middle
25,/content/filtered_data/image_7440.png,middle
36,/content/filtered_data/image_7441.png,middle
64,/content/filtered_data/image_7442.png,old
7,/content/filtered_data/image_7443.png,young
45,/content/filtered_data/image_7444.png,middle
16,/content/filtered_data/image_7445.png,young
6,/content/filtered_data/image_7446.png,young
14,/content/filtered_data/image_7447.png,young
30,/content/filtered_data/image_7448.png,middle
1,/content/filtered_data/image_7449.png,young
42,/content/filtered_data/image_7450.png,middle
30,/content/filtered_data/image_7451.png,middle
1,/content/filtered_data/image_7452.png,young
38,/content/filtered_data/image_7453.png,middle
6,/content/filtered_data/image_7454.png,young
31,/content/filtered_data/image_7455.png,middle
39,/content/filtered_data/image_7456.png,middle
50,/content/filtered_data/image_7457.png,middle
26,/content/filtered_data/image_7458.png,middle
30,/content/filtered_data/image_7459.png,middle
25,/content/filtered_data/image_7460.png,middle
50,/content/filtered_data/image_7461.png,middle
30,/content/filtered_data/image_7462.png,middle
40,/content/filtered_data/image_7463.png,middle
1,/content/filtered_data/image_7464.png,young
26,/content/filtered_data/image_7465.png,middle
49,/content/filtered_data/image_7466.png,middle
16,/content/filtered_data/image_7467.png,young
34,/content/filtered_data/image_7468.png,middle
51,/content/filtered_data/image_7469.png,middle
1,/content/filtered_data/image_7470.png,young
46,/content/filtered_data/image_7471.png,middle
35,/content/filtered_data/image_7472.png,middle
23,/content/filtered_data/image_7473.png,middle
90,/content/filtered_data/image_7474.png,old
6,/content/filtered_data/image_7475.png,young
10,/content/filtered_data/image_7476.png,young
1,/content/filtered_data/image_7477.png,young
29,/content/filtered_data/image_7478.png,middle
32,/content/filtered_data/image_7479.png,middle
36,/content/filtered_data/image_7480.png,middle
37,/content/filtered_data/image_7481.png,middle
21,/content/filtered_data/image_7482.png,middle
4,/content/filtered_data/image_7483.png,young
4,/content/filtered_data/image_7484.png,young
8,/content/filtered_data/image_7485.png,young
71,/content/filtered_data/image_7486.png,old
46,/content/filtered_data/image_7487.png,middle
38,/content/filtered_data/image_7488.png,middle
70,/content/filtered_data/image_7489.png,old
27,/content/filtered_data/image_7490.png,middle
27,/content/filtered_data/image_7491.png,middle
28,/content/filtered_data/image_7492.png,middle
75,/content/filtered_data/image_7493.png,old
31,/content/filtered_data/image_7494.png,middle
5,/content/filtered_data/image_7495.png,young
10,/content/filtered_data/image_7496.png,young
60,/content/filtered_data/image_7497.png,middle
36,/content/filtered_data/image_7498.png,middle
1,/content/filtered_data/image_7499.png,young
29,/content/filtered_data/image_7500.png,middle
40,/content/filtered_data/image_7501.png,middle
2,/content/filtered_data/image_7502.png,young
50,/content/filtered_data/image_7503.png,middle
42,/content/filtered_data/image_7504.png,middle
29,/content/filtered_data/image_7505.png,middle
23,/content/filtered_data/image_7506.png,middle
18,/content/filtered_data/image_7507.png,young
11,/content/filtered_data/image_7508.png,young
25,/content/filtered_data/image_7509.png,middle
35,/content/filtered_data/image_7510.png,middle
8,/content/filtered_data/image_7511.png,young
1,/content/filtered_data/image_7512.png,young
2,/content/filtered_data/image_7513.png,young
6,/content/filtered_data/image_7514.png,young
35,/content/filtered_data/image_7515.png,middle
1,/content/filtered_data/image_7516.png,young
25,/content/filtered_data/image_7517.png,middle
38,/content/filtered_data/image_7518.png,middle
34,/content/filtered_data/image_7519.png,middle
22,/content/filtered_data/image_7520.png,middle
21,/content/filtered_data/image_7521.png,middle
16,/content/filtered_data/image_7522.png,young
40,/content/filtered_data/image_7523.png,middle
78,/content/filtered_data/image_7524.png,old
5,/content/filtered_data/image_7525.png,young
46,/content/filtered_data/image_7526.png,middle
17,/content/filtered_data/image_7527.png,young
30,/content/filtered_data/image_7528.png,middle
30,/content/filtered_data/image_7529.png,middle
46,/content/filtered_data/image_7530.png,middle
11,/content/filtered_data/image_7531.png,young
64,/content/filtered_data/image_7532.png,old
30,/content/filtered_data/image_7533.png,middle
37,/content/filtered_data/image_7534.png,middle
38,/content/filtered_data/image_7535.png,middle
30,/content/filtered_data/image_7536.png,middle
16,/content/filtered_data/image_7537.png,young
18,/content/filtered_data/image_7538.png,young
27,/content/filtered_data/image_7539.png,middle
49,/content/filtered_data/image_7540.png,middle
38,/content/filtered_data/image_7541.png,middle
5,/content/filtered_data/image_7542.png,young
65,/content/filtered_data/image_7543.png,old
1,/content/filtered_data/image_7544.png,young
26,/content/filtered_data/image_7545.png,middle
28,/content/filtered_data/image_7546.png,middle
1,/content/filtered_data/image_7547.png,young
10,/content/filtered_data/image_7548.png,young
23,/content/filtered_data/image_7549.png,middle
1,/content/filtered_data/image_7550.png,young
29,/content/filtered_data/image_7551.png,middle
24,/content/filtered_data/image_7552.png,middle
5,/content/filtered_data/image_7553.png,young
27,/content/filtered_data/image_7554.png,middle
10,/content/filtered_data/image_7555.png,young
14,/content/filtered_data/image_7556.png,young
37,/content/filtered_data/image_7557.png,middle
28,/content/filtered_data/image_7558.png,middle
20,/content/filtered_data/image_7559.png,middle
47,/content/filtered_data/image_7560.png,middle
